LATITUDE,LONGITUDE,AADT_RPT_QTY
29.776525,-95.369505,212164
29.722499,-95.376851,189924
29.722628,-95.376161,16822
29.723228,-95.377329,14611
29.819694,-95.355469,76672
29.76346,-95.370031,239864
29.75557138,-94.94068285,29070
29.755213,-94.940593,3089
29.755962,-94.940729,2484
29.633486,-95.482036,10509
30.10392,-95.432393,4681
30.104461,-95.432813,35002
30.10503,-95.433,3947
29.711754,-95.274052,18088
29.992769,-95.752871,85555
29.992398,-95.753073,5805
29.993088,-95.752687,19023
29.825246,-95.475044,195467
29.825162,-95.475553,15717
29.825365,-95.474533,12453
29.891214,-95.369674,11044
29.890822,-95.37073,9860
29.89102,-95.369982,62732
29.957611,-95.368764,17739
29.776794,-95.368612,138835
29.747477,-95.368059,203851
29.739929,-95.381886,37020
29.758251,-95.351608,178314
29.82851,-95.185236,28348
29.827942,-95.185075,12423
29.829096,-95.18544,14664
29.915554,-95.044969,19835
29.915275,-95.044293,1849
29.91584,-95.045565,2050
29.883979,-95.32209,204262
29.884162,-95.321468,28806
29.884449,-95.322344,22722
29.583512,-95.41713,5344
29.697847,-95.664687,8658
29.707824,-95.681742,10890
29.708217,-95.682371,11122
29.736827,-95.733375,15533
29.739246,-95.738069,15352
30.091581,-95.406006,27141
30.068782,-95.217237,28317
29.7382898,-95.50092967,32483
29.79478058,-95.24776652,14500
29.76209281,-95.21029883,6665
29.783738,-95.801756,18666
29.782137,-95.751856,47150
29.760421,-95.557504,20159
29.759784,-95.558506,17267
29.761208,-95.37535,2562
29.762608,-95.372786,14000
29.76319,-95.372108,8028
29.764713,-95.360541,11845
29.710399,-95.643849,8063
29.714602,-95.644364,8322
30.04736454,-95.61183687,20660
30.047145,-95.612841,20731
29.758221,-95.374258,28456
29.76047,-95.374813,43185
29.64933,-95.458382,5989
29.64974623,-95.45821236,5576
29.68037661,-95.37362804,3140
29.630741,-95.031343,638
29.63087,-95.032323,276
29.669731,-95.261254,18992
29.671059,-95.264085,23483
29.670538,-95.262831,22568
29.70560249,-95.27314809,1302
29.706185,-95.273549,3039
29.695401,-95.288253,13968
29.696256,-95.285826,2928
30.03732458,-95.60434536,25253
30.037486,-95.605523,25015
29.76138885,-94.92364696,730
29.7611495,-94.9248695,1347
29.997532,-95.766644,1856
29.998056,-95.765468,4773
29.785665,-95.72762,38203
29.78582,-95.761628,30332
29.784953,-95.761924,40219
29.784828,-95.742974,49181
29.785742,-95.743601,42773
29.744782,-95.361894,6768
29.74663963,-95.36165963,4254
30.00963187,-95.79692465,11328
30.00914414,-95.79745037,11694
29.91606698,-95.61597679,12735
29.725463,-95.47536,12244
29.75221,-95.088083,152
29.747012,-95.083813,177
29.747311,-95.081944,205
29.784789,-95.728482,41182
29.785608,-95.712593,41515
29.745218,-95.080812,111
29.743124,-95.07845,110
29.784627,-95.712536,35282
29.64621279,-95.24678967,32298
29.646722,-95.248016,31411
29.550125,-95.023624,48924
29.535082,-95.096079,38249
29.53601,-95.097597,135
29.53652,-95.096893,207
29.521637,-95.103151,22925
29.508503,-95.117312,155165
29.508405,-95.116736,7497
29.508209,-95.117516,14319
29.518338,-95.178467,33695
29.54173,-95.197344,25358
29.598011,-95.286533,29691
29.58648,-95.352016,21833
29.586197,-95.386347,119886
29.586391,-95.385801,27404
29.58595,-95.386814,30998
29.583931,-95.430999,21930
29.625388,-95.520537,58371
29.625199,-95.520395,9105
29.62564,-95.520641,8076
29.646067,-95.565492,31034
29.686921,-95.643699,52243
29.70843035,-95.64425699,6206
29.710632,-95.686121,30107
29.76343176,-95.77626433,83496
29.76342103,-95.77571642,7621
29.7634461,-95.7766545,26000
29.7809322,-95.81226254,114050
29.780597,-95.812081,31010
29.78120765,-95.81251898,30450
29.785704,-95.818606,15027
30.144796,-95.952519,5899
30.118987,-95.645632,37123
30.116601,-95.643699,17379
30.116502,-95.644648,17344
30.133204,-95.596322,23189
30.042686,-95.250672,6123
30.145413,-95.1228,11160
29.849485,-94.947361,8576
29.770027,-94.91692,37134
29.719647,-94.943415,16071
29.859809,-95.362157,61015
29.72277356,-95.50163541,54106
29.71881546,-95.5509839,46328
30.003009,-95.39872,68793
29.71762932,-95.56566953,76993
30.045001,-95.406563,70817
29.71163636,-95.63659936,55241
30.075811,-95.41125,65521
29.710768,-95.646943,54813
29.724302,-95.482397,20682
29.879936,-95.061669,12602
29.785271,-95.736931,246038
29.784803,-95.737154,20553
29.78573,-95.736966,18724
29.784887,-95.689616,273220
29.784354,-95.689731,16442
29.785504,-95.689522,23190
29.784437,-95.500846,325208
29.783892,-95.501098,15032
29.784954,-95.50054,22637
29.777537,-95.410188,230588
29.777039,-95.410161,14562
29.778026,-95.410129,11388
29.776715,-95.390155,215216
29.776291,-95.390729,20833
29.777195,-95.389785,13289
29.774194,-95.322009,158847
29.77796,-95.288072,151214
29.770891,-95.162824,155246
29.770451,-95.162918,4305
29.77124,-95.162357,7664
29.876745,-95.025165,9429
29.774887,-95.137836,144858
29.774677,-95.137037,5325
29.775229,-95.137876,4622
29.785471,-95.105366,128741
29.785143,-95.105245,3117
29.785839,-95.105436,2571
29.78509,-95.72075,246397
29.784529,-95.720833,24038
29.785625,-95.721099,26702
29.80611,-94.974301,91645
29.805749,-94.974567,2793
29.806329,-94.97479,2933
29.847518,-94.990447,12593
29.819204,-94.923567,97986
29.819338,-94.922577,855
29.819384,-94.924114,1692
29.785504,-95.790711,160653
29.799022,-95.775326,24215
29.798582,-95.776436,23842
29.798277,-95.775933,71037
29.785064,-95.789863,38713
29.785953,-95.791101,26294
29.784901,-95.651954,263771
29.784448,-95.651947,30791
29.785356,-95.651993,38466
29.787146,-95.644839,26280
29.787282,-95.644611,18572
29.787267,-95.645096,19288
29.938018,-95.440777,145904
30.089847,-95.631015,28634
29.784872,-95.627688,259457
29.784647,-95.582356,337375
29.784176,-95.582339,31228
29.78519,-95.582363,18635
29.784399,-95.629707,37568
29.785372,-95.627446,41589
29.78449,-95.541916,324782
29.781129,-95.562552,15816
29.780365,-95.563473,14179
29.790124,-95.562684,28957
29.790194,-95.563705,32082
29.783952,-95.541898,32983
29.785084,-95.541895,37632
29.733653,-95.652486,39313
29.732491,-95.643998,52194
29.701513,-95.614718,17503
29.675774,-95.614311,15136
29.735628,-95.641024,36311
29.736271,-95.598826,53919
29.73562,-95.557091,29626
29.734637,-95.558378,18951
29.738916,-95.557137,28965
29.737944,-95.558434,24967
29.737675,-95.495665,57416
29.806867,-95.455139,224372
29.806196,-95.455025,18873
29.807319,-95.455025,19039
29.809433,-95.439776,148900
29.80804121,-95.44199683,17652
29.808276,-95.443479,14841
29.792147,-95.451857,303042
29.78422567,-95.46554129,324724
29.783641,-95.465579,14583
29.784767,-95.465552,9276
29.77893212,-95.44190542,263421
29.791716,-95.45103,2850
29.791711,-95.453134,2850
29.752873,-95.145863,65551
30.099663,-95.594879,24143
29.71213,-95.460139,176880
29.729868,-95.447827,265276
29.729456,-95.448045,5040
29.73031,-95.448033,3016
29.712316,-95.459672,18259
29.712122,-95.460563,8096
29.73406277,-95.38577021,60286
29.734299,-95.38507,4533
29.73374899,-95.38630627,12271
29.699467,-95.383599,27869
29.701618,-95.371186,26438
29.703309,-95.34834,4282
29.71016,-95.331574,15048
29.712325,-95.333409,14484
29.717974,-95.313974,31554
29.711883,-95.310391,180469
29.712339,-95.310497,18314
29.711297,-95.31015,22292
29.738873,-95.352485,206026
29.739628,-95.352981,8098
29.738608,-95.353211,4210
29.743103,-95.357643,15142
29.742824,-95.357942,5565
29.743372,-95.357191,10111
29.733883,-95.344873,40833
29.73408,-95.344496,6010
29.73365,-95.345483,4500
29.725422,-95.337138,22750
29.72533,-95.336796,4799
29.725137,-95.337502,5002
30.099765,-95.592097,24372
29.71360659,-95.15336821,42866
30.100877,-95.593818,26463
29.769978,-95.351528,160121
29.76957234,-95.351678,2636
29.770518,-95.351794,12640
29.77721452,-95.34008354,171968
29.777852,-95.339597,5211
29.776607,-95.340561,7310
29.805223,-95.297578,156219
29.804564,-95.297073,2345
29.805826,-95.298066,502
29.78752442,-95.26605433,133096
29.80927503,-95.32324115,164403
29.80889938,-95.32269644,1292
29.80966513,-95.32384087,2402
29.788046,-95.265858,19346
29.7881541,-95.26672875,12432
29.795837,-95.272563,12206
29.807945,-95.261974,25310
29.812787,-95.256555,16597
29.80155,-95.218904,11597
29.772007,-95.214579,28005
29.655709,-95.156166,70069
30.120014,-95.59228,27179
29.771474,-95.197941,170605
29.771198,-95.197978,4137
29.771731,-95.197848,5961
29.762432,-95.14688,74053
29.763089,-95.146639,1228
29.76173,-95.147173,1516
29.783177,-95.158563,103588
29.783727,-95.158245,4301
29.782715,-95.158893,2536
29.802614,-95.163377,97071
29.80297,-95.162974,12596
29.802092,-95.163722,8403
29.81903,-95.165642,82914
29.817298,-95.16453,12135
29.817121,-95.165247,12600
29.771825,-95.22712,150291
29.77161371,-95.22773179,26752
29.7723255,-95.22764142,26908
29.773829,-95.252953,182870
29.773392,-95.252479,3233
29.774325,-95.253539,1275
29.730149,-95.266502,149910
29.730108,-95.26591,8016
29.729864,-95.267035,4636
29.68121568,-95.03026469,84813
29.68123432,-95.02985163,2500
29.681202,-95.030743,1811
29.697012,-95.024811,92962
29.742421,-94.989338,69090
29.742264,-94.988989,1840
29.742602,-94.989722,1551
29.75001058,-94.97790124,41694
29.74963799,-94.97793343,5778
29.7504018,-94.97808363,6509
29.597463,-95.030403,37682
29.59747,-95.030828,1524
29.701869,-95.278701,150856
29.70112,-95.279129,9424
29.701631,-95.280021,10188
29.707082,-95.25316,124169
29.706648,-95.252666,2221
29.707512,-95.253523,1522
29.708236,-95.226564,105398
29.708181,-95.225941,1365
29.708346,-95.227164,1252
29.621922,-95.181624,66517
29.71254,-95.173446,88811
29.712161,-95.174002,6103
29.712902,-95.172896,7723
29.713748,-95.153004,12647
29.713875,-95.153809,13848
29.706988,-95.092014,20146
29.735303,-95.089855,2985
29.73564,-95.08816,186
29.74895,-95.07992,90
29.713651,-94.99253,27400
29.615255,-95.193359,99985
30.077668,-95.559635,34129
29.717986,-94.971069,19187
29.722997,-94.960579,4456
29.75125736,-94.95813629,47888
29.750931,-94.957476,228
29.751521,-94.95891,461
29.751293,-94.94454,17658
29.759254,-94.928021,1741
29.721832,-94.992735,62011
29.722138,-94.991813,2395
29.721446,-94.993642,2492
29.742359,-94.983014,12815
29.78739866,-95.04248889,34311
29.79378938,-95.07565125,130710
29.79389086,-95.07643867,106
29.78766245,-95.04232003,7636
29.78711705,-95.04261706,9545
29.601042,-95.22042,81300
30.073056,-95.548086,28191
29.801114,-95.004534,87863
29.800966,-95.003304,7700
29.801204,-95.00583,3460
29.673304,-95.559999,20410
29.672841,-95.560891,15174
29.736963,-95.555716,56133
29.68095428,-95.53653983,175553
29.6494,-95.545884,30553
29.649761,-95.545241,33203
29.628601,-95.521299,18103
29.630252,-95.521895,21127
29.628725,-95.512324,77963
29.681019,-95.535887,33274
29.679687,-95.53842,29823
29.651263,-95.453953,95631
29.688184,-95.458973,170261
29.688536,-95.458533,9827
29.68774,-95.459444,11630
29.675375,-95.429437,72911
29.675431,-95.429189,2919
29.675573,-95.429474,2919
29.680819,-95.425053,59725
29.60068137,-95.2421845,93232
30.070587,-95.477467,32248
29.68049594,-95.39068366,188566
29.680111,-95.390081,2090
29.68091,-95.391252,5345
29.662609,-95.400095,19073
29.683438,-95.392155,21533
29.618909,-95.417486,22522
29.596647,-95.39728,18808
29.597473,-95.397682,22485
29.597362,-95.377487,26411
29.598135,-95.37773,24360
29.599719,-95.344651,12676
29.600539,-95.345273,15936
29.605032,-95.422997,25464
29.596301,-95.417494,18173
29.596981,-95.417524,21421
29.596757,-95.428014,17619
29.597409,-95.429234,20290
29.609934,-95.487204,14191
29.611043,-95.48741,14722
29.686656,-95.378439,1306
29.68048024,-95.36076358,177337
29.68005537,-95.36003175,1818
29.678371,-95.355841,20265
29.696657,-95.307371,160859
29.696119,-95.306383,2620
29.696898,-95.306105,3094
29.648863,-95.356208,19328
29.600075,-95.282848,92432
30.074575,-95.436682,45753
29.640063,-95.355892,18343
29.686721,-95.354565,10480
29.626016,-95.285466,30439
29.654601,-95.28882,26997
29.635783,-95.237728,179131
29.689235,-95.281435,268162
29.689974,-95.281604,1781
29.689476,-95.282087,5539
29.693775,-95.291001,24731
29.696659,-95.291028,339
29.636325,-95.237675,24790
29.634791,-95.237087,26443
29.600009,-95.177699,9190
29.583985,-95.187337,30288
29.599618,-95.176032,15828
29.600082,-95.343438,102959
29.859835,-95.361827,10748
29.859605,-95.362932,12715
29.610931,-95.488294,114863
30.05467,-95.913171,6572
30.101141,-95.435522,181539
29.601699,-95.178025,15493
29.61718,-95.192938,17374
29.607661,-95.187325,7237
29.622431,-95.180275,35105
29.622142,-95.182018,32378
29.611199,-95.198069,17960
29.611691,-95.199212,15983
29.638756,-95.212713,10580
29.656582,-95.155771,13938
29.655792,-95.156543,11223
29.710368,-95.153094,26310
29.709803,-95.153814,24136
29.645019,-95.029845,54338
29.636577,-95.02805,4119
29.646,-95.029351,1898
29.646037,-95.030387,2051
30.101432,-95.435126,18259
30.101375,-95.436037,16694
29.71442841,-95.60366558,68321
29.620638,-95.018325,2971
29.644508,-95.018832,4629
29.930382,-95.318209,19301
29.568467,-95.169984,28386
29.661603,-95.440315,95865
29.661621,-95.440046,7541
29.661484,-95.440644,7337
29.578879,-95.176794,193665
29.617996,-95.218128,184745
29.618566,-95.218178,20774
29.61719,-95.21779,21203
29.601166,-95.213755,13999
29.601622,-95.215151,14138
29.599683,-95.283855,15788
29.600603,-95.285108,15415
29.599704,-95.291778,17378
29.600634,-95.291548,18826
29.579732,-95.176945,25042
29.577929,-95.176603,24323
29.526558,-95.133621,38899
29.530808,-95.127591,22428
29.525102,-95.118755,36579
29.524359,-95.119454,10696
29.524828,-95.119522,8611
29.530958,-95.132836,184461
29.531542,-95.132814,28184
29.530396,-95.133014,19586
30.055431,-95.08692,15645
29.579274,-95.158924,26468
29.581165,-95.156341,34841
29.614065,-95.08504,25299
29.548062,-95.127839,22530
29.537835,-95.117762,24405
29.535453,-95.110378,48471
29.54522,-95.105742,40360
29.546393,-95.104741,41441
29.71170021,-95.14629059,90072
29.71137174,-95.14627986,4342
29.711996,-95.146294,23622
29.70692457,-95.10085945,90775
29.706484,-95.101036,1682
29.707331,-95.100669,4019
29.70078103,-95.0808618,84910
29.700396,-95.080969,1266
29.701131,-95.080762,3215
29.68803868,-95.03776507,81276
29.687649,-95.037965,1802
29.688469,-95.037642,2119
29.710908,-95.213632,95222
29.710747,-95.213227,6355
29.711179,-95.213282,5224
29.546209,-95.104657,9920
29.546575,-95.104914,11338
29.557484,-95.075467,37468
29.560606,-95.032878,17650
29.78139999,-95.644718,26049
29.781252,-95.644484,26500
29.781522,-95.64499,26500
29.5813124,-95.02871555,24578
30.058657,-95.087269,14678
30.073089,-95.108039,11906
30.077941,-95.111002,10687
30.03211,-95.858375,2673
29.712664,-95.556855,20113
29.712553,-95.557737,18036
29.916285,-95.555681,16583
29.915894,-95.556475,17800
29.915104,-95.556054,152870
29.763139,-95.557966,35453
29.600283,-95.242114,13139
29.600931,-95.242643,14871
29.937684,-95.441556,35174
29.938329,-95.441578,27242
29.63829,-95.531619,16944
29.637715,-95.532255,15505
29.654764,-95.551014,15553
29.654295,-95.551891,14687
30.024123,-95.837125,1618
30.02581,-95.838087,79340
30.025765,-95.837547,621
29.979924,-95.719076,111840
29.95963511,-95.54602664,126858
29.95992,-95.545638,37809
29.959298,-95.546419,22811
29.9666366,-95.55568366,145316
29.966717,-95.554919,22369
29.9665,-95.556434,19560
29.985763,-95.570545,132499
29.985907,-95.570181,19917
29.985626,-95.570901,14165
30.04988913,-95.61409382,46030
30.04995414,-95.61350373,15902
30.04969411,-95.6146839,15573
30.0855084,-95.63583089,36160
30.085514,-95.635394,14462
30.085438,-95.63627,13868
30.095993,-95.636242,30361
30.096079,-95.63582,17994
30.095904,-95.636681,20685
29.974174,-95.701785,109699
29.97354,-95.700905,7544
29.974698,-95.702508,21212
29.971782,-95.701387,8567
29.96527,-95.691966,6265
30.019074,-95.822757,84024
29.979846,-95.719882,8912
30.018651,-95.822641,977
30.019412,-95.822768,1018
29.832528,-95.355337,60485
29.832829,-95.354954,8831
29.832216,-95.355663,9806
29.979955,-95.718261,10640
29.941385,-95.570839,50884
29.85372,-95.756312,62686
29.963065,-95.769687,55823
30.024657,-95.766453,42740
30.052248,-95.640576,53004
30.067852,-95.56344,80022
30.093553,-95.482285,77149
30.092597,-95.422204,56363
30.010289,-95.588942,104146
29.71437,-95.31566699,21497
30.063134,-95.620623,49900
30.063286,-95.62022,22908
30.063003,-95.62102,14104
30.011184,-95.588866,15128
30.011815,-95.590423,32828
29.936816,-95.520201,92623
29.939786,-95.424266,185301
29.958905,-95.549598,26080
29.634169,-95.387064,174343
29.663594,-95.385434,190410
29.69128,-95.377926,191451
29.738299,-95.367424,137872
29.95866384,-95.5494296,16426
29.940313,-95.286164,123623
29.959032,-95.549802,19686
30.066074,-95.915329,64043
30.066381,-95.915342,1171
30.060754,-95.901095,62283
30.060477,-95.901208,142
30.061027,-95.900977,198
29.967246,-95.69081,101145
29.967349,-95.691302,24288
29.967178,-95.690335,28700
29.936542,-95.513318,21791
29.937468,-95.514162,25190
29.936281,-95.521,27519
29.937224,-95.522584,28952
29.935802,-95.514686,41968
29.93607,-95.514269,6004
29.935487,-95.515031,5721
29.932227,-95.206669,65796
29.629214,-95.521325,115220
30.065526,-95.90332,6611
29.961921,-95.546107,25738
29.96167,-95.54599,17475
29.85018,-95.186969,48458
29.962041,-95.546297,21112
29.987417,-95.499157,49760
29.841023,-95.183876,51050
29.988438,-95.497344,44779
30.018744,-95.437375,52928
29.77174593,-95.01473459,46663
29.77197688,-95.01435908,8536
29.77152242,-95.01520559,8850
29.75553858,-94.99449571,55396
29.755718,-94.994092,6153
29.755169,-94.994616,7214
30.02053495,-95.43084463,15431
30.0209739,-95.43100645,17769
30.0148273,-95.428193,195424
29.939621,-95.423323,9038
29.940376,-95.42352,9301
30.015292,-95.427768,38961
30.013727,-95.42859,30233
29.597696,-95.377872,64147
30.021813,-95.427118,27053
30.02597761,-95.40645326,4478
29.597062,-95.397812,83429
30.02653132,-95.4062336,9206
30.020544,-95.381815,41942
30.026898,-95.402811,47206
30.02680828,-95.40203712,8112
30.02726756,-95.40177923,9100
29.92466,-95.377998,60339
29.939184,-95.335416,113979
29.93882037,-95.33443746,19788
29.981782,-95.39343,72073
29.939501,-95.336417,26420
29.939367,-95.313829,142119
29.93982,-95.286673,8181
29.940863,-95.28684,9334
29.939036,-95.31335,6696
29.93968463,-95.31499392,5095
30.001559,-95.278448,23754
29.952896,-95.383754,68441
29.63769378,-95.53149398,127194
30.069593,-95.77798,12260
30.002189,-95.305693,12304
30.005478,-95.314146,55629
30.004438,-95.30584,45059
29.649947,-95.546007,114358
30.004966,-95.275421,47513
30.0024903,-95.26914964,149186
30.002055,-95.268788,16879
30.001869,-95.269945,23187
29.958717,-95.28747,209688
29.528473,-95.130563,184461
29.528054,-95.129471,16697
29.527516,-95.130246,19384
29.555052,-95.155675,193996
29.555377,-95.155127,19123
29.554783,-95.155876,19341
29.591479,-95.189835,196996
29.591661,-95.189379,28274
29.591353,-95.190334,28151
29.600858,-95.199587,224891
29.601085,-95.1993,20169
29.600627,-95.199901,18951
29.659603,-95.256061,175302
29.659671,-95.255618,30577
29.659414,-95.256402,26800
29.676525,-95.268711,229131
29.676704,-95.26836,9078
29.676294,-95.269078,11781
29.704304,-95.299071,179522
29.704502,-95.298907,5770
29.704027,-95.299213,11121
29.723803,-95.330201,206377
29.724041,-95.329992,7705
29.723516,-95.330386,2643
29.792608,-95.371727,199270
29.79261,-95.371252,9032
29.792578,-95.372084,8398
29.839529,-95.388833,200969
29.839624,-95.388482,22410
29.839401,-95.389147,19402
29.90105,-95.412324,236658
29.901094,-95.411914,17449
29.901099,-95.412724,17714
29.967558,-95.419549,264741
29.967616,-95.419042,17796
29.967616,-95.420126,20190
29.992094,-95.424459,260595
29.992194,-95.423952,10318
29.992013,-95.424918,10499
30.022384,-95.428937,195424
30.022556,-95.428438,27354
30.02247,-95.429498,14460
30.054466,-95.432195,194559
30.054452,-95.431664,14917
30.053916,-95.432611,20773
30.081214,-95.437034,162926
30.081323,-95.436554,38404
30.081123,-95.437396,37961
29.958839,-95.286831,12803
29.959624,-95.287645,13138
30.00497,-95.263025,39456
30.00461982,-95.26163711,362
30.00540777,-95.26146341,422
29.999983,-95.265646,12600
29.999197,-95.251392,9448
30.001601,-95.248484,41758
29.655007,-95.552083,153417
30.079451,-95.703477,19606
29.99927,-95.239783,46415
29.998234,-95.168156,34619
30.000384,-95.158062,35866
30.022107,-95.091825,27269
30.025286,-95.089132,16885
30.042648,-95.089347,17424
30.026767,-95.079651,11486
30.020787,-95.090573,15728
29.944228,-95.075377,17627
29.938893,-95.02887,22443
29.672085,-95.560402,167917
30.079569,-95.666113,27092
29.874938,-95.80335,9549
29.87918,-95.646824,44912
29.812769,-95.421575,200207
29.812329,-95.421626,11900
29.813158,-95.42147,7658
29.813839,-95.367348,170577
29.813529,-95.367308,2497
29.814176,-95.367453,2820
29.810629,-95.344361,185486
29.80014,-95.276405,140496
29.79977,-95.275142,15693
29.765245,-95.265399,157844
29.691062,-95.327373,166240
29.690626,-95.327183,5944
29.691451,-95.327671,4818
29.677737,-95.418347,161894
29.677339,-95.41806,38683
29.678112,-95.418409,35586
29.739621,-95.458434,224432
29.739005,-95.458109,19275
29.739662,-95.458887,16388
29.879924,-95.686614,34500
29.877381,-95.645321,44975
29.836966,-95.645629,46880
29.879224,-95.64393,33500
29.91371,-95.622346,50072
29.91354,-95.622112,5701
29.913912,-95.62238,2585
29.921115,-95.620269,128683
29.92078,-95.620569,6056
29.921261,-95.619846,27298
29.917436,-95.614232,26276
29.918394,-95.61185,11817
29.91872,-95.612002,12338
29.909825,-95.611378,137125
29.909414,-95.611641,10656
29.909518,-95.61068,20220
29.881357,-95.571642,193836
29.876174,-95.562857,11025
29.877085,-95.562378,16246
29.88074,-95.571349,14042
29.881396,-95.570796,15417
29.88028,-95.57771,32500
29.650561,-95.569193,218223
29.650298,-95.568755,18364
29.650801,-95.569588,18788
29.702383,-95.515422,199722
29.702147,-95.515121,12645
29.702583,-95.515724,14017
29.73056,-95.422605,220096
29.730209,-95.422571,37003
29.730952,-95.422596,35338
29.73284,-95.37633,172538
29.74001,-95.366119,172049
29.739649,-95.36551,7554
29.740337,-95.36671,4785
29.751421,-95.35699,189039
29.751312,-95.356728,15351
29.798089,-95.339821,184503
29.798106,-95.339289,4979
29.798146,-95.34035,4353
29.931756,-95.299361,203057
29.931708,-95.298821,14454
29.931813,-95.299957,7859
30.011558,-95.265107,138865
30.011405,-95.26462,29519
30.011652,-95.265579,22731
30.027148,-95.258548,156916
29.7182,-95.497534,191475
29.717978,-95.497241,21620
29.718277,-95.498009,20239
29.654411,-95.565056,197224
29.654306,-95.564611,23533
29.654533,-95.565506,30220
29.865381,-95.563518,19647
29.864541,-95.564252,21509
29.875362,-95.55076,23011
29.876173,-95.551381,19737
29.84742,-95.563402,19357
29.849229,-95.564304,19410
29.73379,-95.557597,152556
30.089402,-95.633705,30423
29.860397,-95.526038,205184
29.859778,-95.525601,18374
29.860971,-95.526264,17690
29.842675,-95.494495,200310
29.842823,-95.495395,18631
29.842758,-95.493874,21994
29.918439,-95.491548,44380
29.850356,-95.411843,33468
29.873091,-95.412439,31906
29.873194,-95.412223,5439
29.87295,-95.41263,12126
29.87107,-95.408434,215539
29.871668,-95.408327,12748
29.870394,-95.408418,8852
29.854618,-95.399281,201803
29.824286,-95.379968,223964
29.824708,-95.379666,12199
29.823814,-95.38025,12767
29.80862,-95.373485,212094
29.808688,-95.372999,2377
29.808227,-95.373783,2094
29.855159,-95.399214,18862
29.854528,-95.399617,20624
29.880902,-95.41198,223906
29.88142,-95.411543,11502
29.880373,-95.412313,16461
29.898165,-95.416794,44070
29.776468,-95.562868,162103
30.082991,-95.630817,25924
29.897572,-95.458229,49322
29.823747,-95.563231,14641
29.823705,-95.564279,16866
29.8236,-95.563754,158384
29.896228,-95.549219,14684
29.896112,-95.549939,27379
29.896137,-95.549565,146425
29.937336,-95.467944,16133
29.937668,-95.468118,162232
29.937949,-95.468024,20730
29.939362,-95.399137,8805
29.939513,-95.398233,167513
29.939962,-95.39845,9830
29.933993,-95.239416,23808
29.934353,-95.239215,70460
29.934613,-95.239033,21453
29.893986,-95.20253,16804
29.893941,-95.20359,10595
29.893929,-95.203029,60649
29.68809,-95.557165,30544
29.68844,-95.558126,30295
29.688442,-95.557608,142789
29.61866,-95.502648,13238
29.617772,-95.502527,24343
29.618404,-95.50305,113757
29.596508,-95.456121,15007
29.596846,-95.456193,105904
29.597133,-95.455901,17500
29.925986,-95.412108,235527
29.688228,-95.153147,17569
29.688256,-95.153904,18674
29.688184,-95.153579,57879
29.640721,-95.158959,18979
29.641012,-95.160053,13918
29.640932,-95.159487,67817
29.944724,-95.415395,168618
29.945161,-95.414976,28714
29.944244,-95.415724,27984
29.926442,-95.41164,17146
29.925291,-95.412538,32552
29.931706,-95.407933,30671
29.932677,-95.380315,22254
29.930365,-95.346926,16797
29.92835,-95.30286,14538
29.918379,-95.306907,207404
29.918424,-95.306305,22770
29.918005,-95.307713,18001
29.873667,-95.327535,7314
29.873457,-95.328719,18379
29.820164,-95.335284,235210
29.82022,-95.334818,2739
29.820347,-95.335785,2508
29.932021,-95.205638,21558
29.931446,-95.206477,19949
30.069366,-95.626183,44224
30.069688,-95.625917,8858
30.069136,-95.626459,8847
29.796861,-95.563501,153754
30.09051,-95.632807,12954
29.831565,-95.212576,13374
29.831034,-95.20996,19461
29.83309,-95.209121,12338
29.842351,-95.186972,13339
29.848995,-95.186405,26063
29.849402,-95.187471,27913
29.841785,-95.183903,25291
29.841261,-95.18463,27651
29.83033078,-95.18105706,28348
29.829381,-95.181372,15327
29.831292,-95.180929,7271
29.836726,-95.166238,55504
29.836518,-95.165344,5383
29.837003,-95.166996,2233
29.890206,-95.063317,33958
29.875804,-95.096066,5232
29.843852,-95.183558,9397
29.908316,-95.066816,31086
29.90845,-95.066736,568
29.908171,-95.066864,1324
29.911788,-95.068956,31007
29.911719,-95.068769,1172
29.911844,-95.069128,1528
29.892866,-95.05857,22638
29.892939,-95.057951,1595
29.89275,-95.059289,7413
29.903933,-95.052209,19835
29.903821,-95.051855,3339
29.904155,-95.052512,5098
29.881404,-95.063159,25500
29.7730559,-95.77731303,94238
29.773063,-95.776773,13468
29.773038,-95.77784,15221
29.98981554,-95.76925853,56129
29.932436,-95.763406,52613
29.880015,-95.06802,44950
29.878906,-95.068512,59
29.880326,-95.068694,258
29.864816,-95.563847,135799
29.652754,-95.250499,29746
30.04846,-95.214622,29341
29.644058,-95.335985,10063
29.875372,-95.410163,4056
29.742227,-95.288216,1368
29.641545,-95.443496,3879
29.6427,-95.406989,9212
29.643566,-95.385664,23389
29.645247,-95.366921,19878
29.647682,-95.355465,11884
29.655516,-95.289412,16840
29.656186,-95.288077,20844
29.652215,-95.252702,31500
29.644251,-95.50724,13392
29.552436,-95.123904,30378
29.674141,-95.569211,41347
29.674941,-95.574485,9881
29.682616,-95.27737,25077
29.73974,-95.267681,7704
29.737272,-95.263855,16049
29.767632,-95.213226,28328
29.752571,-95.212727,20863
29.941918,-95.407508,11550
29.826,-95.493994,16607
29.808769,-95.470054,12045
29.783025,-95.436765,8544
29.725232,-95.501099,35855
29.695451,-95.492999,18015
29.676309,-95.493683,19743
29.643842,-95.493223,13556
29.632142,-95.493099,14189
29.656198,-95.492038,14653
29.733738,-95.418688,32024
29.809025,-95.291752,648
29.970303,-95.424744,18870
29.864031,-95.426986,11901
29.775437,-95.315202,17170
29.722622,-95.392077,28762
29.912471,-95.495839,25069
29.671354,-95.461349,24125
29.671328,-95.46184,22813
29.660137,-95.463995,47919
29.642015,-95.463626,45620
29.627698,-95.465125,32730
29.760667,-95.081688,1039
29.7873,-95.314585,1485
29.747269,-95.370764,4030
29.763458,-95.421617,15683
29.984837,-95.304726,41640
29.766664,-95.454929,24781
29.718481,-95.210096,13443
29.705773,-95.460575,33877
29.54357,-95.135804,44338
29.673066,-95.028177,18968
29.673292,-95.018133,15919
29.588778,-95.030622,14569
29.625866,-95.507323,23498
29.842058,-95.488856,35220
29.827396,-95.492196,21335
29.809706,-95.500868,19593
29.984029,-95.342253,73025
29.976258,-95.342564,59831
29.976411,-95.341375,1129
29.97613,-95.343421,1607
29.937093,-95.331459,18260
29.891226,-95.298889,14854
29.877159,-95.413191,14372
29.713656,-95.1826,574
29.716702,-95.211693,5091
29.710248,-95.211621,9022
29.689317,-95.210221,9852
29.684714,-95.209007,23113
29.65039,-95.207942,17348
29.785441,-95.499196,27203
29.760232,-95.500827,31341
29.796277,-95.500426,15995
29.751061,-95.375908,7773
29.691,-95.325699,13932
29.79493,-95.245221,13536
29.751732,-95.18414,8539
29.879737,-95.365397,3295
29.922825,-95.480108,4884
29.648629,-95.097871,15907
29.814856,-95.717687,16400
29.94728,-95.433771,9897
29.80364379,-95.80226154,30982
29.885335,-95.28708,3013
29.98502686,-95.29583681,8732
30.096436,-95.594038,11819
29.87948041,-95.56611974,558
29.95226,-95.606225,21613
30.08280949,-95.54546113,6967
29.925313,-95.494391,6331
29.841795,-94.988425,7858
29.875434,-95.06349,18091
29.903592,-95.332434,12162
29.89233399,-95.200248,4055
29.881326,-95.208455,10697
29.84707899,-95.21413299,16375
29.883163,-95.188772,6824
29.86309899,-95.60717699,24499
29.89161699,-95.27079999,11188
29.725913,-95.07921699,1395
29.75632799,-95.15071199,746
30.066372,-95.41397799,10348
30.063962,-95.440318,35596
29.981264,-95.364836,20845
29.902735,-95.324799,22029
29.95122599,-95.674366,68482
29.85070499,-95.59631899,13045
29.97393499,-95.68529999,16241
30.020727,-95.725083,13606
30.005292,-95.779097,7997
29.988827,-95.732938,16570
29.60372,-95.032947,3908
29.598769,-95.368066,15011
29.784613,-95.01727799,2813
29.782572,-95.10309,3218
29.97357299,-95.17162999,33454
29.789327,-95.140362,16943
30.043729,-95.659812,11520
30.027679,-95.777847,1650
30.064753,-95.781532,5650
29.988653,-95.718456,14250
29.903633,-95.155977,6344
29.933735,-95.249545,13406
29.903062,-95.46879,10260
29.853278,-95.188634,21008
29.973277,-95.08831799,2509
30.12730099,-95.50827699,10923
29.838854,-95.21472499,4910
29.674609,-95.62317,9230
29.877261,-95.608489,28210
29.989455,-95.721176,21475
29.98045,-95.569132,20907
29.860016,-95.384683,21243
29.893279,-95.186963,5181
29.89624299,-95.200174,1272
29.78630599,-95.027731,3195
29.898206,-95.668949,19517
30.068973,-95.54926599,24422
29.795516,-94.935231,7119
29.743384,-95.27327199,8643
29.964705,-95.402243,13160
29.95902499,-95.390771,541
29.72560799,-95.707914,19478
29.785489,-95.468019,18975
29.757894,-95.364177,1680
29.711222,-95.338195,474
29.940939,-95.303495,9720
29.746531,-94.972289,2671
29.83176,-95.509285,7798
29.602999,-95.279196,1171
30.079403,-95.192102,12000
29.8243,-95.447079,287
29.607778,-95.35204299,867
30.066539,-95.211352,17758
29.934455,-95.176301,33711
29.558186,-95.017148,3399
29.873984,-95.563819,14543
29.665753,-95.112998,4909
29.963795,-95.453633,14218
30.106501,-95.547901,48490
29.770174,-95.77256,11274
29.729617,-95.62755,13465
29.910295,-95.375135,6714
29.781057,-95.103046,1922
29.854569,-95.058979,12036
30.017548,-95.177819,8636
29.96463,-95.468316,22378
29.584476,-95.238743,6401
29.802134,-95.356317,425
29.818309,-95.40308,639
29.823049,-95.637045,558
30.007033,-95.220173,310
29.844926,-95.309288,1615
29.601746,-95.255208,382
29.830786,-95.260824,3033
29.798675,-95.290652,1267
29.752021,-95.030719,79
29.730149,-95.333798,5573
29.954305,-95.456144,2458
29.731307,-95.33567,6632
29.733104,-95.377449,841
29.677593,-95.52695,20927
29.671904,-95.33547,912
29.70249,-95.402476,12483
29.761805,-95.361105,1275
29.568959,-95.145422,289
29.754724,-95.336071,2632
29.597946,-94.996654,2960
29.720285,-95.461385,82
29.672713,-95.019423,875
29.680065,-95.074979,4711
29.749205,-94.935652,3233
29.826779,-95.616567,1280
29.803661,-95.279093,6127
29.690995,-95.595925,13131
29.712579,-95.596344,10931
29.577329,-95.039526,354
29.793635,-95.779463,9353
29.710542,-95.347179,834
29.591528,-95.222787,13638
29.746352,-95.347344,2971
29.85142,-95.430094,1096
29.705708,-95.46882199,25887
29.765505,-95.367963,2235
29.57288199,-95.10915899,29694
29.750513,-94.932587,1990
29.62764,-95.388383,22535
29.727838,-95.48419,33018
29.79968899,-95.31693299,10994
29.78737299,-95.31593599,11735
29.78262999,-95.44311299,9875
29.772777,-95.317891,911
29.74491599,-95.302313,10850
29.75459299,-95.373733,10880
29.743692,-95.364874,6551
29.738568,-95.333033,935
29.664775,-95.23608399,562
29.75325699,-95.37421399,7127
29.70370999,-95.58840399,34355
29.704768,-95.514372,37359
29.70559399,-95.47682299,24257
29.675174,-95.58656799,34979
29.675968,-95.54032999,45000
29.67929499,-95.46263399,18221
29.86550499,-95.52175999,21547
29.678398,-95.47666199,13400
29.76229699,-95.35254899,8153
29.803783,-95.35147599,3487
29.76556799,-95.35086599,8416
29.732821,-95.38276199,5334
29.706244,-95.405548,26863
29.7051,-95.383641,21347
29.773313,-95.45496899,4451
29.841193,-95.51534,11380
29.649295,-95.52631,7467
29.67020099,-95.241554,20455
29.649079,-95.143595,20516
29.96584899,-95.420879,36628
29.656184,-95.45488799,241
29.76307,-95.36141,6766
29.709704,-95.20950899,5860
29.71437499,-95.211193,2000
29.71480799,-95.218425,6491
29.619509,-95.035275,11232
30.017423,-95.260124,20418
29.74781699,-95.370848,7669
29.79516454,-95.13100125,3564
29.81216461,-95.02653187,1787
29.92400012,-95.09618521,604
29.849732,-95.327576,1360
30.04548699,-95.20457399,512
29.865716,-95.492873,25150
29.770105,-95.643146,69526
29.754973,-95.295708,31612
29.85862,-95.333517,231227
29.858517,-95.332996,10846
29.858531,-95.334026,7927
29.795118,-95.038222,83955
29.795344,-95.03681,1916
29.795235,-95.038885,1750
29.72609556,-95.46899708,288803
29.726506,-95.469779,7256
29.777715,-95.276922,157769
29.777309,-95.276979,1149
29.778084,-95.276869,3219
29.760382,-95.455653,211640
29.760723,-95.455272,16069
29.759524,-95.455952,37507
29.81400534,-95.38724617,196933
29.81371968,-95.38643429,3960
29.81456151,-95.38810892,1963
29.67857325,-95.4323166,116550
29.678092,-95.431741,24161
29.679023,-95.432629,25997
29.7248,-95.26625834,149910
29.721286,-95.265805,633
29.603052,-95.286177,27283
29.979434,-95.566627,141225
29.979947,-95.566329,19187
29.978924,-95.566936,17128
29.956442,-95.678358,107438
29.95553,-95.677669,23252
29.957571,-95.679383,26771
30.096964,-95.616564,22223
29.760967,-95.557979,166838
30.097494,-95.615266,17617
30.026723,-95.843973,1460
29.999144,-95.257825,10121
29.999176,-95.25678,10431
29.565528,-95.026215,29725
29.561632,-95.025672,37732
29.566483,-95.057827,27758
29.76488099,-95.315452,11780
29.76343,-95.31478199,4094
29.75074999,-95.324227,8249
29.75524,-95.291331,4808
29.79182299,-95.266803,19586
29.76624399,-95.21318499,26260
29.75980299,-95.21298599,23632
29.767385,-95.15569599,1497
29.75391599,-95.141234,8326
29.7585,-95.123966,5570
29.75602499,-95.10534199,1520
29.789041,-95.058099,1903
29.79642399,-95.05522399,17055
29.754397,-94.928392,2037
29.70396499,-95.643038,22580
29.691749,-95.622405,15384
29.70348799,-95.613423,28660
29.70349299,-95.603359,31473
29.716518,-95.55868099,17803
29.70444599,-95.55846399,41217
29.70372599,-95.58699999,38362
29.704547,-95.55612,42725
29.705133,-95.52199899,39592
29.72905399,-95.52113699,30700
29.735441,-95.500933,33257
29.704018,-95.51184,24780
29.675761,-95.54382799,37057
29.64278999,-95.54062699,19787
29.644787,-95.53818099,20203
29.64156699,-95.526178,15869
29.672399,-95.53295399,24635
29.67132999,-95.52729899,16868
29.67581099,-95.50578699,18830
29.72659299,-95.48417399,34500
29.717278,-95.49971399,44074
29.716084,-95.49843499,49995
29.706735,-95.49305099,22525
29.69370799,-95.49299399,13734
29.70576599,-95.458264,26585
29.76733999,-95.372984,15947
29.70615099,-95.41752899,29849
29.706099,-95.426769,27425
29.693601,-95.415038,30660
29.69742999,-95.41201,28000
29.705164,-95.40589399,21518
29.74194499,-95.37679699,1846
29.740981,-95.366732,7799
29.731343,-95.383899,10973
29.73166899,-95.38493599,7029
29.711085,-95.40120199,30289
29.706226,-95.40213399,31442
29.70013,-95.40181499,12158
29.69483799,-95.400644,15510
29.701707,-95.37395399,12027
29.763688,-95.376375,16741
29.68755199,-95.492406,19591
29.678094,-95.493212,19277
29.67782199,-95.496703,13181
29.674796,-95.487363,13417
29.67805499,-95.468425,16171
29.66554499,-95.492191,15230
29.665235,-95.463761,53831
29.67788399,-95.40315299,10668
29.625665,-95.49516699,11721
29.626439,-95.46513599,29501
29.76658399,-95.372323,21702
29.74671699,-95.307739,10119
29.7443,-95.30040799,11437
29.73244199,-95.23938799,12576
29.73249099,-95.22942499,11230
29.70454799,-95.21986,13358
29.689991,-95.21972599,17642
29.712058,-95.209541,1898
29.71339699,-95.19753999,16228
29.7116,-95.197242,9371
29.71145099,-95.176916,1049
29.69333199,-95.17068199,14345
29.67171599,-95.27707299,28000
29.75210299,-95.37701699,7806
29.65670599,-95.265317,23872
29.66443699,-95.22987199,23498
29.68203699,-95.20895799,22623
29.66480899,-95.20692499,28581
29.66465899,-95.214731,24069
29.627743,-95.22589999,24583
29.657738,-95.208172,20055
29.66510099,-95.185637,26849
29.674682,-95.172447,19028
29.66531999,-95.171524,26104
29.74928999,-95.12333299,8429
29.68368699,-95.046805,7591
29.66618799,-95.046401,10334
29.66513099,-95.03928499,14331
29.672136,-94.992101,385
29.651445,-95.122565,12385
29.689277,-95.16395199,18465
29.66565499,-95.15498,26620
29.68326599,-95.153711,21564
29.68076299,-95.14946399,20642
29.81883199,-95.48393099,15421
29.71218599,-95.113166,7899
29.817708,-95.482385,11569
29.663545,-95.131927,30450
29.663738,-95.12170999,27432
29.819115,-95.499833,20091
29.664327,-95.086195,19154
29.66400299,-95.105652,25200
29.824774,-95.49461599,20973
29.60091699,-95.46454599,23684
29.834387,-95.490246,21346
29.839888,-95.48883499,33466
29.74889099,-95.37126699,2187
29.86208299,-95.48806399,30580
29.591151,-95.102082,18337
29.620255,-95.092208,20264
29.60110399,-95.067783,14775
29.603369,-95.066836,17051
29.611728,-95.047098,14509
29.622344,-95.044366,7895
29.603768,-95.03059,5486
29.70593899,-95.385272,24595
29.688059,-95.40328999,16088
29.762485,-95.316144,11731
30.020021,-95.52253099,22258
30.07222452,-95.5343075,3174
29.745822,-95.366142,3412
29.72217199,-95.50104699,37875
29.66293499,-95.42691099,13253
29.65456199,-95.125181,11682
29.777405,-95.12447199,20066
29.804565,-95.464307,9131
29.801924,-95.460725,12852
29.798751,-95.456359,12166
29.909929,-95.724776,8188
29.78314099,-95.498918,27503
29.723191,-95.390565,6008
29.613834,-95.380243,4900
29.804378,-95.412293,19250
29.79392499,-95.449762,10584
29.77919399,-95.43161899,17933
29.74419933,-95.3620733,11338
29.77354,-95.425151,11000
29.772675,-95.42512,14463
29.765253,-95.43628,37750
29.76191699,-95.403481,34064
29.761684,-95.409388,28500
29.76387799,-95.395247,31618
29.76202199,-95.38440599,31804
29.79360599,-95.351176,3719
29.757645,-95.35121899,7450
29.78932899,-95.351089,3227
29.78349599,-95.34546899,3656
29.779751,-95.350553,2642
29.833036,-95.211284,14618
29.822872,-95.32884,6532
29.75253199,-95.336767,2549
29.787429,-95.310878,1856
29.98907199,-95.49923,21796
29.986615,-95.497507,22041
29.97056999,-95.485268,26527
29.968682,-95.483812,30204
29.95016299,-95.46966199,27851
29.94539199,-95.45500499,20200
29.98006799,-95.43615799,20640
29.98326,-95.439816,27848
29.941588,-95.356382,27126
29.94959199,-95.331622,45064
29.985228,-95.31069699,39303
29.93514199,-95.45812199,20589
29.912584,-95.440574,17563
29.887451,-95.408588,6255
29.896443,-95.42805299,17023
29.888126,-95.49443099,25040
29.898502,-95.495669,23436
29.92801099,-95.331365,12784
29.897634,-95.303769,1921
29.890972,-95.31643599,16389
29.879616,-95.30735699,2205
29.98305999,-95.28241599,34435
29.891161,-95.302038,11750
29.891843,-95.24703,13466
29.896489,-95.205714,8567
29.889515,-95.205732,5322
29.985164,-95.16151999,30394
29.88369699,-95.12749299,697
30.074751,-95.514086,22477
30.073227,-95.51247899,20858
30.044702,-95.538295,19402
29.77475399,-95.75093899,17696
29.870187,-95.55626,3970
29.86611499,-95.55045599,8587
29.834256,-95.50559,13668
29.840654,-95.51454699,9560
29.84773999,-95.524536,8895
29.8509,-95.528968,9558
29.787924,-95.64379499,4454
29.783489,-95.606437,41848
29.751624,-95.50110999,34739
30.007797,-95.464348,32317
30.038712,-95.487374,28313
30.04839999,-95.491931,25910
30.05152999,-95.493207,27088
30.051125,-95.226997,30589
30.068611,-95.20985899,41942
30.05496399,-95.185233,2623
30.05083799,-95.18475999,30669
29.970178,-95.697201,12696
29.99274,-95.65371099,7202
29.983579,-95.65856,19520
29.94563699,-95.653301,9310
29.945133,-95.64737699,23393
29.947423,-95.627271,23933
29.902378,-95.603073,15542
29.876032,-95.56455599,4688
29.57158999,-95.10985799,30539
29.555367,-95.119457,34190
30.272546,-95.135974,1277
30.376487,-95.070068,424
30.357136,-95.130929,3942
30.373393,-95.097416,7404
30.385621,-95.064082,31837
30.451566,-94.917397,974
30.486739,-94.835586,897
30.487876,-94.783089,2603
30.089235,-94.760244,10991
30.159644,-94.646098,2691
30.366046,-95.075524,4204
30.366287,-95.077281,32171
30.365628,-95.077544,618
30.366117,-95.077942,694
30.350706,-95.068121,6099
30.370898,-94.997889,4783
30.382384,-94.972448,2488
30.407515,-94.933734,4427
30.310834,-95.11101,5269
30.418623,-94.900145,1131
30.4441,-94.842734,3348
30.457224,-94.841784,1264
30.158236,-94.645449,2233
30.440693,-94.768057,2005
30.442717,-94.766681,2437
30.440531,-94.763617,2272
30.438757,-94.766326,2504
30.253092,-94.743348,3145
30.247092,-94.737362,5858
30.247728,-94.689461,4728
30.228004,-94.740786,5043
30.246917,-94.746215,5129
30.158418,-94.643009,942
30.318827,-94.939961,5163
30.322157,-94.952149,6433
30.319706,-94.950003,2296
30.306345,-94.947154,2178
30.192601,-94.907703,996
30.234661,-94.958025,1551
30.227602,-94.963567,5042
30.307802,-94.9865,6381
30.30999,-94.983543,2296
30.317871,-94.994614,7463
30.118179,-94.644495,1390
30.320137,-94.99578,7396
30.3355,-95.062677,11116
30.32085888,-95.07611466,8865
30.320611,-95.087447,8891
30.313569,-95.10299,8776
30.30071,-95.085543,13811
30.231738,-95.096549,11054
30.214755,-95.099581,11304
30.27508266,-95.13443063,45574
30.328901,-95.09705,9196
30.328946,-95.099393,32286
30.329298,-95.099071,716
30.329064,-95.099785,328
30.33685,-95.108014,11785
30.118457,-94.645692,2300
30.337026,-95.111387,11190
30.32701521,-95.12372222,5216
30.337558,-95.110432,4234
30.348394,-95.126818,3948
30.355271,-95.090338,11669
30.352018,-95.090278,28841
30.351701,-95.089933,6533
30.352475,-95.090772,6026
30.105868,-94.922099,6580
30.342215,-95.096365,327
30.345595,-95.095863,155
30.103718,-94.645275,3358
30.0469,-94.88577799,21480
30.348068,-95.087004,9440
30.337047,-95.093323,19078
29.933065,-94.535604,375
30.32042,-95.02365,12468
30.047624,-94.667867,1761
30.07574,-94.658183,2542
30.071251,-94.700811,1426
30.063071,-94.724515,3347
30.078181,-94.776037,9834
30.091082,-94.757584,9679
30.050725,-94.743509,1823
30.033289,-94.728354,311
30.052052,-94.719045,245
30.048558,-94.712324,8324
30.049613,-94.695009,864
30.041438,-94.666295,8784
30.140054,-95.057299,7909
30.029102,-94.601119,8283
30.018564,-94.507166,252
30.013699,-94.598814,3276
30.141294,-94.738371,8377
29.94367,-94.593123,483
29.913534,-94.613905,2530
29.948937,-94.706366,1234
30.033444,-94.671979,1597
29.95352,-94.710328,2978
30.009339,-94.77046,3249
30.049505,-94.778486,4208
30.058569,-94.781747,17948
30.0553,-94.754181,11324
30.060578,-94.771206,10512
30.055754,-94.795806,1262
30.047235,-94.794819,714
30.042251,-94.792975,600
30.052614,-94.861646,23903
30.032793,-94.878034,7102
30.160937,-94.75987,1253
29.972518,-94.84394,4355
30.034979,-94.893818,15398
29.964584,-94.90676,16778
30.039169,-94.898407,16706
29.981539,-94.964279,4604
29.959423,-94.912366,2949
29.986198,-94.96783,21378
30.04633,-94.901625,14047
30.046333,-94.924367,12230
30.045805,-94.995633,9548
30.047652,-94.992742,612
30.0568,-95.021623,927
30.160598,-94.763352,1054
30.10006,-94.925424,3514
30.086842,-94.914337,9462
30.052215,-94.895469,13515
30.072677,-94.874974,9071
30.057143,-94.882017,10110
30.110658,-94.861919,5630
30.109868,-94.853291,1140
30.092278,-94.76091,1597
30.164193,-94.763703,617
30.165677,-94.762029,1212
30.165972,-94.73966,6373
30.155756,-94.728338,3483
30.348178,-95.085675,1314
30.342254,-95.089146,1429
30.33505399,-95.093265,2446
30.077304,-94.773453,10361
30.044684,-94.890422,18686
30.04361,-94.890622,23150
30.057879,-94.795832,8306
30.065182,-94.795721,10311
30.056574,-94.795032,18630
30.02654,-94.792022,595
30.0538,-94.743448,3370
30.053314,-94.741932,9515
30.04635,-94.89202,16283
30.041715,-94.67256,9055
30.041755,-94.671258,9126
30.040856,-94.672081,1776
30.027994,-94.594577,9464
30.027562,-94.59101,9565
30.115402,-94.645077,3841
30.111546,-94.644324,3330
30.141292,-94.642016,1088
30.143719,-94.641921,1072
30.150426,-94.642409,1109
30.156464,-94.737028,4490
30.155014,-94.739118,8711
30.156624,-94.740197,1600
30.34362,-95.089514,10556
30.350743,-95.085947,5504
30.350816,-95.085391,4130
30.342719,-95.089116,14498
30.341917,-95.086109,2686
30.341473,-95.087694,1142
30.342696,-95.090132,16269
30.335935,-95.094003,12234
30.449677,-94.840622,1289
30.450526,-94.838885,2801
30.046682,-94.891156,6486
30.045803,-94.885788,6624
30.046386,-94.886431,22239
30.190692,-95.690285,13016
30.504627,-95.491647,65280
30.504615,-95.49209,957
30.265297,-95.448817,14496
30.11948199,-95.44290099,5962
30.408714,-95.695977,7789
30.19757,-95.454176,37020
30.215025,-95.764523,14500
30.147321,-95.220321,30881
30.128425,-95.228547,17507
30.229223,-95.513699,55057
30.147779,-95.220833,25934
30.45503196,-95.4966856,5077
30.438451,-95.495825,3199
30.137463,-95.445857,37725
30.19746245,-95.45511224,29623
30.128102,-95.230207,21522
30.13799205,-95.44496209,29355
30.176492,-95.451229,25258
30.176896,-95.452135,26766
30.38894,-95.486907,10685
30.20797528,-95.44885961,4588
30.20825726,-95.44943991,5496
30.11200356,-95.43689059,243893
30.11238327,-95.43656979,20352
30.111254,-95.437184,18544
30.354722,-95.80553,7141
30.462976,-95.814463,1225
30.526456,-95.640625,1391
30.325632,-95.204087,11210
30.437197,-95.590151,9679
30.238888,-95.302562,11295
30.252562,-95.329096,5868
30.273946,-95.354944,11405
30.297306,-95.388573,12777
30.294103,-95.35143,4158
30.248119,-95.305497,9430
30.257908,-95.312794,5563
30.254923,-95.259407,5991
30.216552,-95.277329,8732
30.214253,-95.281852,11423
30.232548,-95.167306,11005
30.24284962,-95.15863496,50171
30.242598,-95.158306,4743
30.243192,-95.158993,5936
30.432911,-95.482691,6958
30.245291,-95.154514,1236
30.233081,-95.159741,16618
30.215877,-95.115774,13834
30.229079,-95.165475,6725
30.219578,-95.172354,53654
30.219364,-95.172084,12244
30.219683,-95.172756,9774
30.189371,-95.79989,11419
30.171717,-95.684188,23835
30.175864,-95.683859,7495
30.169929,-95.681008,24280
30.144366,-95.66055,30855
30.144069,-95.659881,11354
30.143757,-95.660698,11696
30.176566,-95.600761,33210
30.470398,-95.495001,4713
30.136361,-95.289286,23864
30.104588,-95.239209,34770
30.111065,-95.234524,86096
30.112416,-95.233684,25415
30.112424,-95.234566,27706
30.102708,-95.230783,17443
30.096771,-95.231651,9243
30.055282,-95.246036,6400
30.069509,-95.241057,13051
30.117439,-95.224796,11381
30.155057,-95.216898,28144
30.191123,-95.251353,15160
30.15959,-95.212619,69563
30.193694,-95.192499,10284
30.15966492,-95.21215358,17024
30.159436,-95.213142,16870
30.162738,-95.208861,2033
30.485479,-95.49196,6080
30.149296,-95.193097,16563
30.229161,-95.290432,9384
30.322472,-95.161606,15528
30.249322,-95.758434,11751
30.351462,-95.769975,4455
30.321596,-95.765384,4016
30.444516,-95.792828,1567
30.37317,-95.779115,2530
30.390183,-95.738546,10312
30.3997,-95.699379,6126
30.410995,-95.697133,3888
30.41187,-95.695817,4745
30.404057,-95.695136,4441
30.097665,-95.401133,54624
30.13776,-95.27443,34417
30.129801,-95.221132,22678
30.147393,-95.140831,18263
30.351283,-95.441104,9461
30.375894,-95.698248,8295
30.388991,-95.686662,21800
30.385548,-95.677312,8464
30.319105,-95.643913,9890
30.467021,-95.749687,464
30.319126,-95.595522,14511
30.359648,-95.599272,40249
30.342496,-95.537127,44792
30.40909,-95.553075,5340
30.42626,-95.539894,16703
30.420467,-95.495422,20971
30.432277,-95.495025,64242
30.431297,-95.494403,9080
30.431689,-95.495341,10713
30.421383,-95.490634,26219
30.391152,-95.491198,16370
30.340623,-95.480858,96250
30.349666,-95.472792,21535
30.349876,-95.458568,18523
30.341495,-95.480798,22603
30.339688,-95.481016,19844
30.326633,-95.496219,17969
30.35151,-95.485677,17225
30.326077,-95.497178,39312
30.323499,-95.499325,18386
30.32538,-95.495566,26940
30.319701,-95.473084,125607
30.31916159,-95.47250377,14138
30.31876474,-95.47321694,5220
30.334342,-95.475357,28047
30.128673,-95.443592,227414
30.12836,-95.443015,30738
30.128202,-95.444045,29162
30.14753,-95.447396,254804
30.147602,-95.446937,14759
30.147458,-95.447871,18445
30.16217,-95.45025,179835
30.162191,-95.449797,41815
30.162237,-95.450735,48602
30.1892,-95.453004,170688
30.189188,-95.452551,48177
30.189198,-95.453468,42833
30.25008,-95.456808,180786
30.250258,-95.456457,13433
30.249994,-95.457272,4707
30.272351,-95.456761,170125
30.272348,-95.456351,26033
30.272344,-95.457225,4925
30.311973,-95.470541,129351
30.31204,-95.470002,30582
30.311878,-95.470967,22027
30.3592,-95.484536,96887
30.35923,-95.484147,18834
30.359073,-95.484946,18315
30.383163,-95.486056,103417
30.383064,-95.486702,13364
30.413299,-95.489526,100457
30.468086,-95.49642,70577
30.33539,-95.467459,15687
30.336947,-95.463866,25264
30.338897,-95.455262,364
30.339127,-95.468504,12331
30.364061,-95.476118,8535
30.534817,-95.751697,2181
30.390785,-95.476928,12913
30.416559,-95.477017,11329
30.430575,-95.466214,10807
30.421496,-95.468836,8089
30.389849,-95.409003,7071
30.389905,-95.404842,11759
30.385997,-95.407455,16760
30.34215,-95.429091,3924
30.341642,-95.428082,12586
30.340703,-95.430575,15104
30.538126,-95.748862,1610
30.320064,-95.419939,15981
30.319536,-95.419017,6757
30.321078,-95.41956,9064
30.32332,-95.403248,12403
30.322739,-95.402531,16004
30.323988,-95.402857,17524
30.321291,-95.392324,7330
30.327146,-95.384253,24858
30.33304,-95.340801,18298
30.351147,-95.337314,4906
30.394111,-95.331868,4582
30.100767,-95.237631,109434
30.100709,-95.237241,23099
30.100805,-95.238017,20365
30.137067,-95.226718,98056
30.13703,-95.22632,11888
30.137093,-95.22707,15962
30.171998,-95.204424,78698
30.171862,-95.204139,9504
30.17214,-95.20478,12100
30.52153,-95.727631,1735
30.334254,-95.328295,4279
30.329978,-95.282115,12598
30.319212,-95.174791,13908
30.217175,-95.772442,12418
30.218469,-95.770813,6650
30.204513,-95.742049,19509
30.21799,-95.743981,17480
30.229498,-95.692279,12948
30.315918,-95.69693,10186
30.226542,-95.691406,9631
30.524717,-95.723653,1437
30.223147,-95.681666,25956
30.221818,-95.680016,11411
30.220834,-95.570834,39251
30.2189,-95.568151,30720
30.309576,-95.490919,12480
30.318634,-95.50371,17461
30.307645,-95.508353,16125
30.308232,-95.472708,12604
30.315557,-95.473052,42187
30.313552,-95.468357,27758
30.30646,-95.468686,129351
30.306758,-95.468354,24558
30.30627,-95.469086,22433
30.28593,-95.461256,142541
30.279385,-95.458784,29631
30.28656753,-95.461115,20051
30.285138,-95.461113,20216
30.236693,-95.46193,56253
30.228083,-95.510879,22046
30.226785,-95.457933,197395
30.208341,-95.445872,47121
30.227897,-95.457571,8143
30.226085,-95.458401,8048
30.282289,-95.456294,10151
30.281328,-95.453893,24643
30.294161,-95.456249,12263
30.316507,-95.43933,19924
30.316544,-95.436908,12204
30.308136,-95.433487,11798
30.287327,-95.424005,28997
30.260061,-95.401138,12949
30.209197,-95.355851,19130
30.140815,-95.324817,39189
30.214482,-95.373113,28516
30.215008,-95.349764,18098
30.140159,-95.467355,21286
30.206259,-95.520004,7516
30.18151,-95.554307,31704
30.188219,-95.583049,17536
30.18815165,-95.58544679,4874
30.19491333,-95.47320515,944
30.238176,-95.567524,28631
30.38048,-95.389993,6934
30.324142,-95.404047,708
30.19638781,-95.4677319,243
30.193787,-95.47861,2959
30.161211,-95.454236,3282
30.208755,-95.551146,6676
30.170716,-95.466311,5149
30.156439,-95.477382,1067
30.170005,-95.461301,10439
30.336317,-95.50535,969
30.272948,-95.432128,1733
30.283985,-95.434681,1483
30.450431,-95.458182,4626
30.427917,-95.446283,3076
30.137024,-95.59771,2646
30.278112,-95.142917,11843
30.318203,-95.158727,10031
30.110329,-95.265845,10716
30.101759,-95.396299,20498
30.103276,-95.396305,19131
30.144504,-95.441654,2209
30.122407,-95.402131,42085
30.12738799,-95.42981,48956
30.377422,-95.530966,2705
30.184047,-95.486781,37749
30.20789,-95.526751,31119
30.185935,-95.708478,5560
30.180952,-95.533732,20478
30.206886,-95.526369,12822
30.224979,-95.520624,15407
30.340449,-95.38889,1962
30.275339,-95.415299,4634
30.347913,-95.352803,4599
30.125455,-95.419601,44122
30.292,-95.385571,3342
30.247435,-95.412235,1823
30.251189,-95.422652,2105
30.140773,-95.469069,12187
30.179044,-95.515004,11833
30.169101,-95.47354,23206
30.155304,-95.496156,7372
30.158174,-95.629117,11375
30.16596,-95.503159,9115
30.178815,-95.498481,26906
30.157032,-95.455844,11363
30.203254,-95.48138799,26979
30.180673,-95.536568,30603
30.12661,-95.456091,22783
30.156717,-95.436477,18877
30.17523,-95.517572,44146
30.12858,-95.456533,23086
30.159845,-95.497113,46917
30.126728,-95.444731,53498
30.154372,-95.481557,54554
30.155831,-95.463167,36801
30.435362,-95.492405,3444
30.301735,-95.437443,7485
30.307537,-95.45712,6926
30.317774,-95.476295,5962
30.32390699,-95.44517599,1621
30.292383,-95.46699899,10927
30.311762,-95.454736,5467
30.320972,-95.444361,3450
30.317265,-95.450498,1830
30.340356,-95.429892,4145
30.319671,-95.458094,842
30.324961,-95.476143,9584
30.307943,-95.485502,6969
30.319441,-95.446707,3185
30.303066,-95.47066,2551
30.311675,-95.457076,2349
30.31596899,-95.476939,5924
30.359413,-95.52337,6222
30.157167,-95.446676,22298
30.432147,-95.484651,2842
30.31105199,-95.404555,1830
30.310479,-95.406462,4511
30.334513,-95.456362,5964
30.182337,-95.539073,5568
30.302749,-95.451358,4374
30.177047,-95.460708,41266
30.42262999,-95.469503,4134
30.291862,-95.479273,1901
30.223308,-95.723937,23172
30.04294484,-95.25424575,144856
30.042897,-95.253843,27202
30.04300499,-95.25462534,8328
30.311564,-95.461521,15619
30.312596,-95.45639,21621
30.312163,-95.456299,11509
30.313049,-95.456334,10748
30.31491,-95.445533,21668
30.312836,-95.454802,21290
30.312306,-95.454769,11345
30.313353,-95.455054,11192
30.314407,-95.450351,21339
30.314094,-95.450355,10660
30.314691,-95.450482,11231
30.317788,-95.436272,15270
30.29813,-95.457268,10701
30.312652,-95.461296,27129
30.30946,-95.460812,11993
30.309884,-95.461559,8309
30.424495,-95.479914,18807
30.425305,-95.480162,12189
30.430393,-95.481859,7561
30.425147,-95.479517,8479
30.423533,-95.479565,14915
30.312185,-95.461299,14065
30.313058,-95.461312,14559
30.31247,-95.46241,24013
30.420563,-95.478079,12685
30.421908,-95.472568,11505
30.419925,-95.478352,12213
30.423916,-95.480292,19668
30.233826,-95.162214,2073
30.229608,-95.149065,13168
30.232723,-95.163045,16454
30.232466,-95.163909,7099
30.15467,-95.212686,17756
30.151695,-95.212702,13639
30.312197,-95.462549,12678
30.312786,-95.462536,12660
30.312653,-95.461914,14838
30.150064,-95.211922,14321
30.149036,-95.213646,8392
30.103314,-95.229362,12768
30.101159,-95.23011,17628
30.211469,-95.754069,17279
30.210954,-95.753799,18516
30.210831,-95.754527,15601
30.366388,-95.776984,2743
30.36586,-95.776159,9967
30.364128,-95.776141,3486
30.313685,-95.46223,13122
30.364439,-95.777994,7299
30.38932,-95.696587,6388
30.388701,-95.69592,16954
30.387553,-95.69657,7610
30.388405,-95.697006,13771
30.312603,-95.457635,23934
30.312166,-95.457626,12429
30.313058,-95.457681,12824
30.170096,-95.24784,5733
30.21671,-95.358947,13878
30.05192599,-95.248087,32738
30.12592599,-95.44945999,7467
30.17857499,-95.44168299,12647
30.177202,-95.52715699,36601
30.17681299,-95.469885,42488
30.1783,-95.481037,4921
30.178228,-95.45304199,42190
29.5032,-95.38856,86006
29.064362,-95.42451,1183
29.064931,-95.424677,1167
29.295771,-95.536358,824
29.31207,-95.45038,8534
29.429907,-95.242696,2016
29.048239,-95.454687,7303
29.048236,-95.455799,9003
29.170833,-95.43344328,46
29.148239,-95.451022,473
29.15993058,-95.45358484,6847
29.15997688,-95.43275089,20
29.16019,-95.433408,584
28.902694,-95.634954,2057
28.965515,-95.689286,3689
29.070118,-95.7868,9130
29.146124,-95.514198,4791
29.484528,-95.4069,31083
29.480856,-95.39617,35648
29.546017,-95.387423,98808
29.580211,-95.390091,31957
29.558958,-95.3516,33541
29.560868,-95.35047,21493
29.559244,-95.334883,28450
29.552977,-95.330928,10040
29.517417,-95.330314,7314
29.119823,-95.42296,12901
29.55927,-95.327586,29567
29.559694,-95.300261,27990
29.584136,-95.286416,28136
29.554727,-95.260597,33174
29.552777,-95.281195,18955
29.514839,-95.255654,21633
29.370832,-95.471644,6211
29.402588,-95.427031,44792
29.402586,-95.42654,199
29.402651,-95.427536,239
29.474283,-95.354411,8724
29.451645,-95.310596,27746
29.436282,-95.265182,30377
29.463916,-95.245528,25342
29.450287,-95.245147,8552
29.452973,-95.242562,22086
29.449299,-95.237608,20500
29.445698,-95.237043,30262
29.441243,-95.243928,8533
29.423795,-95.228877,24780
29.424096,-95.227232,25327
29.42399,-95.226878,6798
29.424229,-95.227713,6620
29.429558,-95.224623,12803
29.422491,-95.225611,19654
29.154176,-95.395068,7650
29.120826,-95.379757,5972
29.422016,-95.227679,25724
29.422132,-95.227221,10223
29.422352,-95.228044,10597
29.404415,-95.244699,8859
29.401311,-95.247436,17307
29.398314,-95.261048,14798
29.396399,-95.269563,12326
29.401373,-95.243099,26350
29.393305,-95.250287,18986
29.38448,-95.25314,7480
29.343438,-95.279987,13965
29.341062,-95.279119,2640
29.119403,-95.381551,8237
29.118297,-95.379626,6176
29.340292,-95.281887,13798
29.320304,-95.256842,5577
29.27186,-95.19513,3003
29.253014,-95.170754,2889
29.255424,-95.160771,7171
29.242666,-95.175417,7202
29.173447,-95.255302,5242
29.246171,-95.357422,2513
29.248827,-95.358721,10574
29.245796,-95.361106,11070
29.076022,-95.408936,10360
29.294501,-95.428509,32949
29.277946,-95.453428,6504
29.301122,-95.451935,7417
29.302627,-95.453587,2092
29.353615,-95.474046,7076
29.354135,-95.457391,7289
29.352522,-95.364279,7414
29.075937,-95.410414,14677
29.146845,-95.671741,2956
29.571763,-95.386465,99038
29.571889,-95.385892,26456
29.572048,-95.387008,30255
29.072922,-95.409583,15415
29.074023,-95.411188,12495
29.064461,-95.428118,14707
29.064039,-95.430602,4358
29.064698,-95.428403,3540
29.155497,-95.495975,15451
29.048991,-95.470291,8232
29.046087,-95.471743,7163
29.047571,-95.4702,15647
29.045187,-95.454702,24384
29.053897,-95.45585,40239
29.045191,-95.454308,14824
29.045045,-95.455276,14978
29.035518,-95.398931,16283
29.012501,-95.392313,14363
29.007644,-95.398812,38042
29.007963,-95.398656,2237
29.007412,-95.398956,1771
29.002332,-95.379935,18720
29.00377785,-95.38347303,194
29.060764,-95.353607,4708
29.017868,-95.328554,5261
29.473902,-95.407869,46403
29.473448,-95.407623,973
28.984247,-95.3365,8339
29.15434,-95.508597,6593
28.980291,-95.333784,7918
28.959781,-95.297983,4945
28.95954,-95.29821,409
28.959807,-95.297615,346
28.978929,-95.339189,11903
28.966938,-95.34873,8363
28.96701,-95.350684,4025
28.934831,-95.348933,2600
28.938728,-95.349723,3212
28.95673,-95.374052,9364
28.945301,-95.374749,5214
28.984413,-95.377902,23682
29.189672,-95.482832,4938
29.200191,-95.476459,3025
28.969354,-95.429614,4658
28.985285,-95.493872,5189
28.989068,-95.521039,6627
28.986919,-95.513699,9234
28.98398,-95.518016,5852
28.938698,-95.567662,641
28.897235,-95.498266,478
28.874313,-95.453927,51
28.944016,-95.571081,2679
29.19757,-95.457509,5998
29.210679,-95.473074,4967
28.995974,-95.650073,4370
29.00219,-95.645623,3718
29.005333,-95.634691,6079
29.032073,-95.568497,6538
29.030855,-95.564553,4671
29.054806,-95.554485,373
29.05379,-95.510663,11581
29.061466,-95.553318,4943
29.052681,-95.558262,14960
29.061014,-95.577519,13484
29.205692,-95.435675,10079
29.114304,-95.640783,7651
29.113427,-95.642213,1250
29.087122,-95.668222,650
29.078352,-95.684235,5100
29.051362,-95.692822,3926
29.03646,-95.691059,4763
29.054026,-95.731127,3371
29.086866,-95.721082,5076
29.198739,-95.452564,25689
29.198739,-95.452069,1392
29.19876,-95.453078,1293
29.197278,-95.446729,9974
29.178749,-95.432681,18176
29.163059,-95.802474,289
29.168335,-95.806937,1355
29.164082,-95.792491,1417
29.159479,-95.768846,1574
29.155885,-95.771913,515
29.099978,-95.6926,1890
29.095588,-95.697352,13706
29.09458,-95.68962,6211
29.101007,-95.685818,15843
29.135084,-95.656845,3797
29.174758,-95.432542,10297
29.179042,-95.412095,10999
29.147442,-95.667209,13954
29.135314,-95.672904,11111
29.150695,-95.659968,5989
29.206036,-95.687593,4911
29.282389,-95.725307,5238
29.298982,-95.732675,2431
29.161774,-95.641914,125
29.144093,-95.640898,1096
29.142969,-95.625423,16508
29.143663,-95.604813,16158
29.146096,-95.527983,17149
29.205049,-95.400493,9032
29.198543,-95.389163,5720
29.163884,-95.4409,15431
29.280141,-95.45521,1642
29.16572,-95.453136,24951
29.165721,-95.452481,6029
29.165677,-95.453782,5032
29.144865,-95.451988,34623
29.166048,-95.433476,13877
29.165898,-95.43318,117
29.166037,-95.433791,101
29.162633,-95.433252,12715
29.162983,-95.432997,32
29.1628,-95.433592,62
29.157176,-95.431633,12923
29.157324,-95.431194,2339
29.157099,-95.431945,866
29.044324,-95.449809,4750
29.124768,-95.421026,3896
29.475307,-95.297746,1404
28.99957599,-95.37057209,845
29.00816177,-95.39092922,2145
28.918771,-95.332972,3250
29.18129209,-95.41912607,4202
29.03189101,-95.4505917,896
29.027119,-95.450063,2438
29.159238,-95.40909,680
29.018917,-95.43955,5719
29.578825,-95.392374,14210
29.07797599,-95.36636799,1195
29.112925,-95.429663,1800
29.501946,-95.280731,3596
29.528321,-95.347237,2693
29.021035,-95.428558,9194
29.020656,-95.420628,14327
29.51589499,-95.28889899,6126
29.173026,-95.438111,3511
29.05273,-95.464916,3851
29.145204,-95.409369,456
29.491824,-95.350965,4421
29.501983,-95.343769,1175
29.193738,-95.428356,5924
28.94901999,-95.345065,404
28.95079599,-95.355624,667
29.054549,-95.437935,4854
29.031483,-95.444362,374
29.441727,-95.226425,1364
28.98745,-95.305454,739
28.983143,-95.367517,288
29.581347,-95.268522,30409
28.970276,-95.286015,90
29.561111,-95.27286999,7594
28.955152,-95.367812,365
29.582667,-95.27278599,11507
29.579639,-95.399955,14755
29.169868,-95.414846,2072
29.509754,-95.330262,192
29.581682,-95.350979,4587
29.49703,-95.245476,6792
29.04308671,-95.41478944,6463
29.041403,-95.442002,3411
29.1482045,-95.3960839,342
29.023838,-95.47768399,2188
29.034879,-95.439211,1257
29.04288,-95.441176,1025
29.048056,-95.463538,9247
29.036074,-95.459162,7806
29.036336,-95.448689,11275
29.045044,-95.446203,1350
29.024686,-95.39125,2741
29.0347617,-95.4252064,1725
28.950986,-95.372143,1210
28.959574,-95.345765,2047
29.024993,-95.420306,6161
29.4519812,-95.2406257,1051
29.44221699,-95.24111899,509
29.466893,-95.414944,3026
29.16412199,-95.42561199,1570
29.182613,-95.431518,8989
29.174262,-95.428748,3724
29.152044,-95.418413,2028
29.264067,-95.44799,27564
29.2620463,-95.44846908,4609
29.263839,-95.448918,4227
29.165111,-95.431759,2631
29.164344,-95.434224,16778
28.969921,-95.370602,22724
28.96855,-95.370876,16697
28.968711,-95.369774,8882
28.960744,-95.355878,7284
28.960992,-95.355104,4440
28.957293,-95.34243,5589
28.94713,-95.345258,5250
29.164433,-95.432434,11842
28.939371,-95.34797,4733
28.971785,-95.454451,5960
28.997366,-95.384869,27605
28.997495,-95.384591,1166
28.99726,-95.385162,1033
29.014174,-95.430138,43956
29.014401,-95.429927,2967
29.013964,-95.430375,3129
29.035341,-95.447953,29664
29.035666,-95.447817,11526
29.035119,-95.448147,10650
29.048857,-95.569837,13441
29.047944,-95.570324,11494
29.039224,-95.569277,10547
29.049443,-95.570485,16831
29.164573,-95.424786,11564
29.080141,-95.609548,7220
29.13729,-95.652774,8588
29.138537,-95.653469,5405
29.138641,-95.652387,7022
29.14372,-95.648243,8175
29.144354,-95.647133,19384
29.144736,-95.6486,14763
29.14687,-95.65703,15689
29.143982,-95.656387,5337
29.14786,-95.661099,13389
29.168015,-95.419262,11715
29.048202,-95.691019,3074
29.03931,-95.698341,2587
29.038498,-95.698248,3161
29.039227,-95.69913,5025
29.080917,-95.746385,773
29.290212,-95.729362,5712
29.564505,-95.286064,28053
29.563661,-95.285296,26313
29.547826,-95.233187,28495
29.563189,-95.286044,19168
29.169421,-95.418334,10525
29.563674,-95.287218,24537
29.433523,-95.244442,19780
29.427559,-95.239814,23016
29.429435,-95.245288,30339
29.426661,-95.244165,17630
29.409502,-95.243662,16589
29.230151,-95.347605,2663
29.352529,-95.461723,8940
29.354017,-95.4632,7250
29.355198,-95.462686,6313
29.465415,-95.350934,28562
29.138142,-95.427398,12208
29.16371,-95.43166,2754
29.056919,-95.351543,1413
29.36603099,-95.211841,361
29.147907,-95.448635,435
29.13237,-95.43093499,1678
29.143843,-95.41107,504
29.586765,-95.295023,9310
29.07270399,-95.45220699,40122
28.979079,-95.472016,1120
28.948756,-95.344087,200
30.1128,-96.061125,44499
30.089391,-95.988552,14483
30.12163,-96.105633,26675
30.164684,-95.929555,6286
30.189557,-95.81737,7494
29.772689,-96.029514,51041
29.771961,-96.029366,201
29.773064,-96.029624,197
29.810197,-96.094818,2100
29.915909,-96.109915,2274
30.046011,-96.107776,6240
30.129847,-96.178948,26284
30.235352,-95.949568,1471
30.243786,-95.821791,4827
30.162744,-95.957657,1966
30.103305,-96.07817,9881
30.163967,-95.885725,5623
29.780484,-95.976767,56685
29.778343,-95.932318,63715
30.173414,-95.971586,1777
30.142132,-95.960431,3389
30.141826,-95.955264,4204
30.091126,-95.93489,4771
30.058712,-95.933946,7548
30.071409,-95.944319,58496
30.07381,-95.992799,9012
30.087444,-95.989054,12436
30.087901,-95.989819,3350
30.121031,-96.074945,22260
30.095744,-95.998078,2808
30.10266,-95.991588,552
30.121711,-95.990156,506
30.123353,-95.991988,2972
30.098406,-96.066758,4399
30.097149,-96.069559,12705
30.096502,-96.065808,10078
30.08256,-96.039359,6576
30.071994,-96.037764,6624
30.083491,-96.037711,7539
30.091509,-96.030731,45677
30.087468,-96.041303,6551
30.081975,-96.000672,46073
30.072438,-95.991489,5343
30.105135,-96.046788,38472
30.104887,-96.047341,5265
30.105356,-96.046209,5640
30.165326,-96.061064,2010
30.0579,-95.932,6571
30.056765,-95.933851,6768
30.005101,-95.94261,3883
29.919144,-95.957895,4453
29.914935,-95.957846,5537
29.874021,-95.956747,5855
29.874308,-95.888272,8185
29.872698,-95.890564,6010
29.787522,-95.889625,8627
30.208211,-96.058424,20701
29.785803,-95.839633,9946
29.786058,-95.8907,10058
29.786228,-95.936251,8020
29.779829,-95.951275,12930
30.049164,-96.08280199,1814
30.07468,-96.089573,4859
29.747525,-95.941256,6864
29.7773556,-95.87389169,77247
29.77703976,-95.87410013,1206
29.740514,-95.984725,4179
29.778863,-95.960284,58468
29.778509,-95.96031,1083
29.779175,-95.960245,3079
30.204515,-96.055538,899
29.785148,-95.978337,2025
29.782576,-95.967553,5819
29.796402,-95.956478,5521
29.830804,-95.95241,6883
29.799465,-95.96745,8573
29.825688,-95.995669,3105
29.832614,-96.034858,2006
29.812803,-96.096974,198
29.811929,-96.092614,1978
29.843581,-96.092634,98
29.827481,-95.9946,5271
30.21402,-95.942218,611
29.91177,-96.020816,4491
29.927594,-96.027378,4365
29.917488,-96.028807,2847
29.95334,-96.039138,3995
29.950477,-96.040835,1075
29.991953,-96.088477,951
30.053503,-96.08186,1700
30.053549,-96.079707,2100
30.076832,-96.080582,1900
30.085904,-96.080223,2497
30.084002,-96.082736,6502
30.116579,-96.085399,27095
30.126676,-96.111342,971
30.162912,-96.121794,333
30.165185,-96.069083,1409
30.170162,-95.925794,2488
30.163442,-95.918746,6733
30.058365,-96.015144,1168
30.087885,-95.988366,7583
30.057857,-96.03635,873
29.77699,-95.967454,7441
29.777208,-95.951298,7221
30.09883,-96.078426,9989
30.056369,-95.925449,7224
29.825042,-95.994396,7068
29.820938,-95.986124,7605
29.786743,-95.957264,11821
29.7908,-95.958115,7423
29.790562,-95.956387,5458
29.786339,-95.951919,15422
29.78632,-95.95043,9312
29.785782,-95.951261,8977
29.78634,-95.957895,5779
30.097358,-96.076322,11162
30.097489,-96.069068,4027
30.09741,-96.078886,12349
30.096837,-96.080202,11524
30.097444,-96.079827,11785
30.096952,-96.082148,8250
30.058703,-95.935436,6436
30.331306,-95.490165,6905
29.516381,-95.290413,2332
30.049299,-96.037884,4581
29.79091,-94.641647,2436
29.864336,-94.491042,519
29.833772,-94.529973,58008
29.833445,-94.529981,143
29.834089,-94.529954,71
29.833352,-94.384411,41345
29.83366,-94.384789,1882
29.859682,-94.486509,472
29.858555,-94.403848,663
29.858604,-94.397499,846
29.860996,-94.400918,2066
29.831384,-94.40064,2484
29.827215,-94.411919,57981
29.826918,-94.411408,351
29.82754,-94.41186,176
29.835392,-94.384028,3998
29.826861,-94.382837,12179
29.82642,-94.382832,2629
29.827327,-94.382753,3242
29.81604,-94.649071,1000
29.821869,-94.370537,1259
29.820403,-94.393756,3226
29.796607,-94.383195,6755
29.792874,-94.386533,1655
29.785394,-94.382754,4249
29.717155,-94.375194,3065
29.711886,-94.374831,2949
29.675777,-94.377743,269
29.714735,-94.380538,72
29.723539,-94.498242,115
29.787926,-94.498799,201
29.791007,-94.493066,1230
29.788296,-94.634356,1403
29.733385,-94.633067,1281
29.682207,-94.621186,901
29.675103,-94.599895,247
29.607216,-94.675564,443
29.67099,-94.616156,657
29.537203,-94.759306,452
29.839527,-94.634277,60142
29.729773,-94.635561,406
29.727693,-94.674526,1484
30.009567,-94.941134,5922
29.730654,-94.687233,309
29.75281,-94.672711,2229
29.774132,-94.66903,3088
29.783622,-94.66807,7132
29.840975,-94.695023,4639
29.874535,-94.69619,3305
29.838884,-94.748677,71776
29.839169,-94.748666,357
29.84059,-94.668231,63281
29.840251,-94.668287,1008
29.84088,-94.668189,820
29.839886,-94.634158,84
29.843103,-94.637088,4412
29.795916,-94.851014,12258
29.788364,-94.867694,7109
29.822236,-94.864858,3253
29.784915,-94.867992,4546
29.727305,-94.905147,1267
29.77581,-94.873142,11115
29.728052,-94.905681,1336
29.731525,-94.849238,4924
29.841981,-94.87365,6519
29.675605,-94.873116,1081
29.864784,-94.882453,5032
29.668973,-94.912886,1459
29.721841,-94.916036,10691
29.727274,-94.91764,10833
29.988651,-94.927535,5033
29.864429,-94.625374,3156
29.773207,-94.911323,10731
29.77828,-94.91139,6014
29.771037,-94.898211,7634
29.781414,-94.892068,9215
29.823067,-94.881616,92811
29.82110414,-94.90843187,98938
29.820803,-94.908419,746
29.821417,-94.908405,841
29.822756,-94.881827,3986
29.82342,-94.881349,2600
29.826738,-94.897669,25610
29.837798,-94.89477,23818
29.85939,-94.902724,8691
29.83104,-94.847338,22186
29.875013,-94.893548,14806
29.885522,-94.894646,13082
29.85562,-94.894125,1814
29.857717,-94.863038,8643
29.858764,-94.611302,468
29.869165,-94.831951,10854
29.886289,-94.814088,7153
29.83304,-94.804321,4689
29.727335,-94.913872,10833
29.77306,-94.678025,4223
29.732879,-94.91495,7247
29.726221,-94.916318,10714
29.856374,-94.577324,406
29.85952,-94.501298,314
29.833341,-94.482516,622
29.835404,-94.830432,7737
29.828218,-94.832472,7725
29.816045,-94.829538,6151
29.837896,-94.60599,859
29.839379,-94.60638,886
29.818874,-94.899904,36138
29.820858,-94.846276,19932
29.826839,-94.813643,902
29.823659,-94.810592,3679
29.838304,-94.693063,6543
29.838637,-94.648153,3946
29.8326,-94.575087,275
29.824457,-94.48223,416
29.823537,-94.400623,2614
29.827613,-94.389959,13319
29.826923,-94.389941,664
29.831488,-94.384006,9346
29.780835,-94.913032,33180
29.722531,-94.930551,10833
29.77698,-94.635577,1515
29.771215,-94.684252,691
29.820509,-94.383146,3927
29.819697,-94.383991,11902
29.812416,-94.383983,10750
29.792001,-94.383174,6120
29.772902,-94.913223,10706
29.773394,-94.91419,32931
29.848192,-94.891007,2301
29.855565,-94.895532,19387
29.847917,-94.889967,6957
29.773542,-94.671836,5707
29.772732,-94.670535,5892
29.858854,-94.626908,3172
29.820475,-94.384614,4384
29.825284,-94.383981,10628
29.527466,-95.523788,10361
29.698614,-95.796077,23269
29.698323,-95.796047,10755
29.698784,-95.796098,13944
29.57315671,-95.68209037,18866
29.61322,-95.495155,21446
29.324469,-95.748397,6600
29.701351,-95.767093,17487
29.701914,-95.776331,23800
29.708893,-95.688847,26032
29.57265623,-95.68180122,7398
29.446815,-95.999966,2731
29.573039,-95.682818,8145
29.700629,-95.76683,9018
29.706709,-95.695009,21213
29.561543,-95.692003,20422
29.44080955,-96.01084894,26203
29.440383,-96.010583,400
29.491747,-96.027035,950
29.533327,-96.051353,6540
29.601395,-96.054481,684
29.617584,-96.024657,5299
29.672334,-96.020471,2877
29.314176,-95.891575,3828
29.70749595,-95.68950222,40792
29.588557,-95.924696,7288
29.630677,-95.811746,20414
29.394988,-95.729377,2992
29.394341,-95.737033,2253
29.430057,-95.778587,2767
29.358732,-95.767461,3392
29.34731,-95.77511,6078
29.377105,-95.8111,8528
29.377191,-95.812944,3521
29.342878,-95.850274,2958
29.339318,-95.855491,4266
29.6309,-95.809968,14505
29.342956,-95.854075,1581
29.365326,-95.873733,1709
29.394125,-95.843439,3326
29.391265,-95.828244,10019
29.40583,-95.835203,8661
29.460489,-95.815235,2681
29.444002,-95.795391,7280
29.447467,-95.795411,5724
29.4636,-95.818541,13365
29.404579,-95.8443,3252
29.432367,-95.877682,2723
29.626795,-95.75904,15981
29.449924,-95.992578,26285
29.449354,-95.992733,1890
29.456162,-95.98583,386
29.453093,-96.005934,1930
29.540497,-95.969933,2131
29.541661,-95.976222,6650
29.541266,-95.989266,1851
29.540142,-95.99017,6489
29.585361,-96.054075,507
29.595573,-95.742369,25673
29.572998,-95.997077,668
29.593849,-95.986311,1848
29.603413,-95.976221,7484
29.606147,-95.97659,3670
29.67498,-95.977043,4379
29.67881,-95.986994,4060
29.680769,-95.977432,4731
29.720714,-95.923282,11329
29.601284,-95.688098,28211
29.737174,-95.853042,10453
29.7774253,-95.82703729,126323
29.777072,-95.82683,14587
29.777733,-95.8281,17147
29.784557,-95.830476,10476
29.580268,-95.508016,20456
29.527624,-95.500093,41483
29.599795,-95.683107,10397
29.599599,-95.683826,9059
29.606549,-95.683646,20499
29.61042826,-95.68929694,53643
29.60321,-95.683539,18
29.634061,-95.682848,15499
29.706474,-95.688125,35929
29.705432,-95.713297,45592
29.673955,-95.643368,54918
29.56669386,-95.50693125,35116
29.542056,-95.501271,9150
29.53144375,-95.50515763,9811
29.53182,-95.505796,6929
29.685534,-95.920329,10762
29.643919,-95.651531,52136
29.615465,-95.649903,43121
29.615087,-95.649528,7268
29.614802,-95.650056,7104
29.612011,-95.652552,57685
29.615054,-95.646361,43434
29.592804,-95.629083,127543
29.592866,-95.628208,36483
29.593689,-95.628696,36237
29.597781,-95.620849,68337
29.599163,-95.624674,61423
29.6093244,-95.64479638,12875
29.609656,-95.643407,11842
29.623803,-95.618862,17050
29.63538,-95.618746,15950
29.669299,-95.61649,17180
29.59811294,-95.50366138,31039
29.69045,-95.895815,27278
29.623407,-95.617623,55730
29.61255,-95.608554,168629
29.612318,-95.608228,25966
29.613304,-95.608447,28664
29.62711,-95.594285,179948
29.626913,-95.593936,17992
29.626899,-95.595181,13411
29.634651,-95.586215,162130
29.634007,-95.586367,32394
29.635518,-95.586038,24617
29.628488,-95.590876,38367
29.626002,-95.579285,55105
29.625793,-95.579391,6428
29.626157,-95.579271,4418
29.628323,-95.590861,20169
29.628703,-95.590903,15858
29.6198,-95.56465,25763
29.619795,-95.564327,4194
29.620077,-95.565001,1635
29.61396,-95.564589,34068
29.614697,-95.550937,67366
29.614184,-95.550891,34310
29.615336,-95.551009,33056
29.608415,-95.52711,29877
29.689473,-95.845929,13509
29.543612,-95.958927,5516
29.480732,-95.944589,28194
29.48055,-95.944053,325
29.481029,-95.944778,620
29.48099,-95.936181,3671
29.486076,-95.936286,3533
29.492342,-95.930919,2885
29.500842,-95.91245,1643
29.502027,-95.904995,27885
29.501919,-95.904464,3347
29.513235,-95.891794,29747
29.520686,-95.870253,5386
29.526867,-95.877766,9285
29.512871,-95.891542,324
29.536808,-95.854122,1980
29.535077,-95.853627,32467
29.53468969,-95.8536482,6804
29.535399,-95.85353,6132
29.695843,-95.845933,17779
29.555772,-95.823185,6796
29.55867,-95.827079,4434
29.553589,-95.888358,5279
29.563489,-95.826239,5524
29.565625,-95.810149,21849
29.547316,-95.808601,21395
29.533199,-95.808183,21387
29.531825,-95.818022,43722
29.531459,-95.817418,10183
29.532197,-95.818437,9864
29.52953,-95.808158,21405
29.491153,-95.807291,8790
29.48654,-95.808722,12119
29.69486,-95.844012,37634
29.532714,-95.777603,16096
29.535619,-95.775816,14476
29.485355,-95.758259,8266
29.542764,-95.742787,14716
29.53472,-95.77515,69927
29.534532,-95.774474,9607
29.535242,-95.775129,7741
29.558182,-95.762824,8841
29.558504,-95.763375,15294
29.5612,-95.759948,22788
29.563765,-95.760137,22653
29.529673,-95.864916,32467
29.529357,-95.864597,6611
29.530019,-95.865241,7340
29.532644,-95.792352,49098
29.532217,-95.792329,15264
29.533106,-95.792367,16694
29.563245,-95.681378,103591
29.562788,-95.681232,31712
29.563689,-95.68151,35382
29.697659,-95.811366,27000
29.576212,-95.772328,21944
29.578682,-95.770788,10590
29.581694,-95.7743,5303
29.585708,-95.781974,2702
29.587835,-95.749865,30072
29.549556,-95.749347,30497
29.54935287,-95.74035737,66675
29.549047,-95.740191,17916
29.549693,-95.740553,14110
29.544614,-95.7441,19639
29.539278,-95.701792,22500
29.536043,-95.702207,17432
29.659156,-95.716866,27300
29.659621,-95.716753,12525
29.658707,-95.71701,10277
29.696563,-95.813018,25000
29.537293,-95.700366,9266
29.528635,-95.647394,2587
29.502565,-95.599271,1523
29.571633,-95.56988,46661
29.564249,-95.563211,58331
29.573219,-95.563961,47522
29.582572,-95.563145,28687
29.58359,-95.56408,48792
29.580309,-95.499415,16768
29.583606,-95.526533,22138
29.581612,-95.432346,16332
29.581641,-95.430632,16894
29.580887,-95.431854,22721
29.509172,-95.460515,17271
29.632197,-95.813262,10450
29.507985,-95.461996,25950
29.507504,-95.462048,9989
29.508065,-95.462013,9642
29.49992,-95.446504,33641
29.5058029,-95.45875228,6745
29.503463,-95.462819,23498
29.441238,-95.476399,10162
29.351885,-95.637247,5641
29.351792,-95.644017,3464
29.355134,-95.641287,3145
29.371491,-95.638391,305
29.40056,-95.652829,3250
29.424403,-95.684254,3688
29.434079,-95.686998,6506
29.69468619,-95.77369019,10329
29.694581,-95.773047,43936
29.70874772,-95.77562745,73641
29.708664,-95.775255,6771
29.73862702,-95.77297802,85705
29.602636,-95.684586,23584
29.602563,-95.685375,23380
29.59485,-95.680937,39224
29.643316,-95.575171,23512
29.597234,-95.504653,1172
29.616929,-95.556882,7406
29.590044,-95.51,325
29.497817,-95.516122,9745
29.48697241,-95.52309407,6056
29.667487,-95.67088,21599
29.70505877,-95.83019092,6230
29.535734,-95.573859,18065
29.733074,-95.784988,24306
29.506833,-95.524381,36680
29.650357,-95.705976,12139
29.577979,-95.647879,33449
29.532981,-95.818992,6682
29.7153,-95.813324,18770
29.68581299,-95.810352,12508
29.655365,-95.679223,2339
29.69944,-95.76026799,12926
29.706394,-95.84536,11195
29.773504,-95.835832,5725
29.69488,-95.827776,3508
29.662519,-95.630522,23873
29.75673846,-95.77941132,25448
29.558128,-95.792406,4964
29.774403,-95.801684,12717
29.773592,-95.800464,17710
29.632127,-95.637206,8995
29.771679,-95.838584,21026
29.556738,-95.808787,19967
29.556945,-95.819898,3215
29.579776,-95.767484,20232
29.581393,-95.763306,18937
29.582819,-95.758739,31479
29.582433,-95.758456,15936
29.583114,-95.758992,15543
29.581468,-95.759215,17097
29.576495,-95.764826,11176
29.558857,-95.808833,22153
29.575118,-95.764792,22951
29.579341,-95.76677,13025
29.619719,-95.635794,49526
29.620039,-95.634414,52577
29.618106,-95.563309,60114
29.617584,-95.563567,30138
29.61854,-95.562934,29976
29.618335,-95.538597,6253
29.618674,-95.538839,5912
29.621507,-95.531082,56467
29.61878337,-95.53747612,10986
29.619113,-95.537735,8845
29.618212,-95.537559,35047
29.534863,-95.450221,17417
29.558648,-95.792645,18356
29.400782,-95.836224,5250
29.401281,-95.83457,7112
29.398373,-95.836763,3487
29.398793,-95.838409,4494
29.400245,-95.839017,4060
29.432711,-95.781809,5083
29.447715,-95.999742,875
29.446672,-96.001459,168
29.558944,-95.791427,18536
29.447947,-96.00075,2679
29.785794,-95.83082,15406
29.785798,-95.829389,14069
29.60146,-95.969105,7378
29.690335,-95.900011,11000
29.558149,-95.813976,11250
29.557085,-95.813779,10250
29.558231,-95.809375,12253
29.557204,-95.809332,11723
29.55825,-95.808416,14009
29.557217,-95.808289,14333
29.557742,-95.791477,17231
29.557414,-95.793228,15840
29.557544,-95.808827,20410
29.54486999,-95.838632,371
29.70645699,-95.811869,9718
29.71470399,-95.77559299,28618
29.55208799,-95.694275,9998
29.700176,-95.78520099,4572
29.66936199,-95.67878499,1261
29.733875,-95.753276,17649
29.668296,-95.64430799,7502
29.688381,-95.663328,7590
29.603485,-95.50081,2747
29.50477999,-95.45388699,4109
29.395331,-94.955699,34141
29.403941,-95.028401,26597
29.403253,-95.028439,10523
29.40449,-95.028376,9192
29.364406,-94.956565,4050
29.47088,-95.06097,19346
29.333859,-94.931231,9725
29.487432,-94.950087,7698
29.51497,-95.100864,31804
29.461758,-95.047878,25832
29.461639,-95.047463,11060
29.462042,-95.048041,14772
29.377527,-95.004962,9781
29.367305,-94.762914,607
29.470838,-95.006809,3116
29.469442,-95.012557,9320
29.471641,-94.980249,8267
29.472424,-94.979578,17613
29.499473,-94.993979,14066
29.510008,-94.978635,10108
29.506049,-94.961547,8038
29.495862,-94.920605,3542
29.494693,-94.919359,2469
29.474135,-94.971927,9685
29.552255,-94.389446,2952
29.470929,-94.976968,8164
29.408056,-94.946601,17901
29.40812,-94.914714,11696
29.399721,-94.90263,6850
29.384586,-94.902504,5242
29.397079,-94.951053,13421
29.416996,-94.96004,20100
29.453721,-94.97064,109
29.46453117,-94.97418232,706
29.39709,-94.950645,8146
29.39709,-94.95159,9121
29.395339,-94.948788,28595
29.39424,-94.951083,14435
29.394222,-94.950636,11972
29.39424976,-94.951536,12264
29.395169,-94.93118,26174
29.359438,-94.946497,17491
29.358425,-94.944361,5270
29.357249,-94.945116,13701
29.376004,-95.006622,3661
29.542006,-95.051231,14351
29.483921,-94.926254,4350
29.593578,-94.389251,2937
29.288654,-94.836507,35256
29.305063,-94.773007,10199
29.297243,-94.802657,28978
29.323715,-94.771367,3836
29.313784,-94.770486,4642
29.319724,-94.769257,898
29.288364,-94.836518,2820
29.314243,-94.770919,3548
29.288911,-94.836502,6479
29.285852,-94.83643,35121
29.267287,-94.826659,12690
29.266045,-94.827021,22546
29.245555,-94.862836,14606
29.238005,-94.88339,11319
29.200575,-94.947971,7680
29.199798,-94.956856,244
29.364455,-94.774431,2694
29.376787,-94.773178,122
29.184665,-94.969941,7986
29.180376,-94.977166,6601
29.094849,-95.108318,1067
29.285368,-94.861542,63647
29.287518,-94.863232,12385
29.307054,-94.798646,13151
29.285107,-94.86085,2346
29.28577,-94.862239,2297
29.284328,-94.863557,1339
29.28256,-94.867918,897
29.330877,-94.939514,11665
29.339858,-94.987883,10220
29.357912,-94.986341,6161
29.348864,-95.015953,4946
29.383828,-94.75866,770
29.34807,-95.015112,12980
29.352275,-95.029001,14762
29.354469,-95.030402,12790
29.352983,-95.031454,12920
29.351086,-95.031047,12772
29.315424,-95.078864,6822
29.297114,-95.118381,7696
29.316886,-95.080826,3317
29.355183,-95.080959,7104
29.369293,-95.081707,9720
29.367482,-95.073982,10474
29.393145,-94.731708,1000
29.375557,-95.089451,12843
29.380064,-95.110707,17346
29.38123,-95.114085,23007
29.394436,-95.152341,16907
29.408917,-95.1943,17541
29.429989,-95.20842,12517
29.381771,-95.111826,14922
29.391051,-95.09068,13078
29.491845,-95.107386,81439
29.491861,-95.107024,21428
29.49174,-95.107732,13321
29.45744,-95.083773,84954
29.457723,-95.083497,25735
29.457199,-95.08406,22145
29.326268,-94.927881,77917
29.326518,-94.927567,1533
29.326036,-94.928189,4305
29.290838,-94.875872,77679
29.403912,-95.034203,58063
29.404031,-95.033734,11651
29.403802,-95.034646,17756
29.392386,-95.092111,18045
29.417209,-95.092105,18703
29.443601,-95.088831,30426
29.448447,-95.078474,33000
29.441633,-95.093039,26011
29.438759,-95.136866,13597
29.443506,-95.093192,22764
29.4632,-95.094786,30073
29.504326,-95.193818,24537
29.461015,-95.229545,20609
29.391002,-94.732475,2492
29.510286,-95.188817,20203
29.532771,-95.205035,20888
29.540848,-95.218349,22202
29.532918,-95.206626,17925
29.517989,-95.222875,9341
29.535258,-95.204031,26550
29.509944,-95.187665,31607
29.504636,-95.184016,26354
29.490719,-95.167002,20204
29.50248,-95.116506,31164
29.506062,-95.10215,23790
29.482154,-95.101561,94188
29.490422,-95.103529,32025
29.494681,-95.075375,30841
29.494488,-95.075349,649
29.49503,-95.075395,721
29.495438,-95.062407,32416
29.501146,-95.046612,36375
29.491216,-95.103847,5178
29.483105,-95.101765,10604
29.481017,-95.101367,24884
29.393126,-94.730268,3427
29.451776,-95.07253,18500
29.400323,-95.035932,20153
29.419105,-95.04912,92415
29.420045,-95.049499,15274
29.418321,-95.048808,10028
29.396398,-95.030996,13872
29.421829,-95.031179,5748
29.403196,-95.032212,21750
29.377886,-95.029868,6524
29.379118,-95.008712,59378
29.379567,-95.008662,10239
29.378646,-95.008684,5458
29.378537,-94.998422,12073
29.37110078,-94.99884337,60913
29.37163974,-94.99889625,2189
29.37049411,-94.9986671,2942
29.358019,-94.977844,8415
29.335599,-94.939749,57624
29.33639,-94.940202,2395
29.334584,-94.939136,2649
29.462637,-94.625344,6242
29.33854,-94.930412,5504
29.366119,-94.918184,7511
29.383547,-94.9025,5894
29.340673,-94.93463,15239
29.350097,-94.943293,4598
29.358381,-94.946784,5622
29.358072,-94.95724,7420
29.378958,-94.972201,11613
29.379041,-94.9615,14201
29.379147,-94.950603,21636
29.383861,-94.931264,18177
29.383987,-94.915315,9132
29.384027,-94.903195,5145
29.395621,-94.963474,32283
29.395288,-94.963303,1212
29.396004,-94.963749,1079
29.389956,-94.980296,11544
29.417101,-95.005473,10677
29.491716,-94.545672,3590
29.397783,-95.001854,32177
29.397452,-95.002092,4683
29.39819,-95.001524,4226
29.453468,-95.04206,17669
29.463484,-95.045219,19750
29.464148,-95.046244,8416
29.490592,-95.047184,11348
29.492589,-95.047922,18730
29.488999,-95.05977,15136
29.480916,-95.069238,23201
29.477401,-95.074184,27890
29.48739,-95.076408,14328
29.522456,-95.078416,33667
29.510257,-95.070336,18140
29.53212962,-95.09395991,95
29.53269506,-95.09318583,121
29.508021,-94.501251,3438
29.50993,-95.091869,26730
29.523094,-95.074536,19856
29.523503,-95.076046,35947
29.541129,-95.039589,18124
29.540904,-95.020339,13915
29.53687,-95.019997,9666
29.527961,-95.040247,13611
29.528777,-95.037305,15763
29.536934,-95.017743,30529
29.52545,-95.012915,15950
29.49929,-94.995391,24195
29.498306,-94.996067,11714
29.493112,-95.008608,12374
29.267046,-94.825304,22751
29.39332,-94.913655,13165
29.302747,-94.814858,592
29.311603,-94.770174,1219
29.3975,-94.893502,2094
29.208571,-94.945801,1290
29.240503,-94.887343,2345
29.299267,-94.791691,3402
29.287796,-94.871913,95
29.199542,-94.950908,511
29.428348,-94.975719,1029
29.417578,-95.020223,2489
29.374589,-95.000958,797
29.383666,-94.907047,152
29.460556,-95.070259,5883
29.387377,-95.020842,12146
29.397562,-94.930683,5044
29.382125,-94.940605,261
29.34341,-95.062349,499
29.478497,-95.162921,3142
29.48349223,-95.12955561,13707
29.241575,-94.884706,2053
29.288693,-94.789914,20655
29.29627699,-94.780208,11470
29.243541,-94.872975,566
29.288945,-94.801399,4011
29.40802399,-94.95923099,8401
29.343381,-95.09009,318
29.3355,-95.089461,453
29.492902,-95.07549,2107
29.301082,-94.90508,3134
29.40525399,-95.085506,894
29.522214,-95.064977,3557
29.432983,-95.018909,463
29.300504,-94.787142,3126
29.436265,-94.898694,806
29.370762,-95.000909,219
29.512032,-95.097251,1888
29.278591,-94.833533,8618
29.388934,-94.937756,121
29.357752,-94.971585,763
29.393812,-94.925039,6494
29.395405,-95.118248,2359
29.268288,-94.837138,13739
29.380272,-95.001062,4364
29.294386,-94.81005,3892
29.435361,-94.99871,391
29.400154,-94.903073,425
29.354331,-95.06616,713
29.363083,-94.979558,5422
29.363952,-94.775535,150
29.326942,-94.772288,745
29.49838,-95.132525,24591
29.346799,-94.92686,5706
29.374392,-94.769999,390
29.431711,-94.684306,4141
29.449366,-95.032605,758
29.366104,-95.10658099,3356
29.389918,-94.893437,1767
29.30326299,-94.773751,7556
